<?xml version="1.0" encoding="UTF-8"?>
<TEI xmlns="http://www.tei-c.org/ns/1.0">
  <teiHeader>
    <fileDesc>
      <titleStmt>
        <title>Chaînes de traitement et outils TEI</title>
      </titleStmt>
      <editionStmt>
        <edition>
          <date>décembre 2017</date>
        </edition>
      </editionStmt>
      <publicationStmt>
        <distributor><persName xml:id="FC">Florence Clavaud</persName> (Archives nationales et
          Centre Jean-Mabillon de l'Ecole nationale des chartes)</distributor>
        <availability>
          <p>Placé sous licence CC-BY</p>
        </availability>
        <date>2017-12-04</date>
      </publicationStmt>
      
      <sourceDesc>
        <p>Première version du document rédigée par Emmanuel Château en 2016</p>
      </sourceDesc>
      
     
    
    </fileDesc>
    <revisionDesc>
    
      <change when="2017-12">Révision (quelques ajouts,  production d'une version allégée intégrant la présentation rapidement mise à jour de quelques outils) par Florence Clavaud</change>
      <change>première rédaction, <date when="2016-05">mai 2016</date></change>
    </revisionDesc>
  </teiHeader>
  <text>
   
    <body>
      <div type="slide">
        <head>1. Les chaînes de traitement TEI</head>
      </div>
      <div type="slide">
       
          <head>Introduction</head>
        
        
          <p>En ayant recours à la Text Encoding Initiative (TEI), on adopte le <hi>principal standard informatique</hi> actuellement employé dans le <hi>domaine de l’édition critique</hi> numérique.<lb/> La TEI fournit tout à la fois un cadre de travail pour traiter et analyser les sources, et enregistrer le résultat de l’activité scientifique qui aura été menée. Toutefois, les fichiers sources XML-TEI ne sont pas directement destinés à la consultation. La TEI constitue plutôt <hi>un format pivot à partir duquel on produit diverses "manifestations" du texte en fonction des besoins</hi> et des contextes de lecture (pages xhtml, fichiers epub, pdf, etc.). Le manque d’outils adaptés, faciles d’emploi, pour le traitement, l’analyse et la publication de ces fichiers est souvent considéré comme un des principaux freins à l’utilisation de la TEI.</p>
          <p>Du fait de l’utilisation courante de la TEI dans des projets de recherche, plusieurs solutions pour la publication d’édition critiques électroniques ont été développées ces dernières années, soit sous la forme de chaînes éditoriales propres soit sous la forme de logiciels libres ou open source. Il convient de choisir une solution de publication adaptée à nos besoins mais qui puisse être également maintenue dans la durée. Plusieurs solutions s’offrent qui peuvent plus ou moins bien répondre aux besoins d'un projet spécifique, ou s’inscrire dans la politique générale d'une institution. Dans tous les cas, il n’y a pas de solution miracle, et le choix d’un outil résulte d’un arbitrage entre la complexité technique et l’étendue des fonctionnalités attendues.</p>
        
      </div>
      <div type="slide">
        <head>Quelques questions pratiques courantes</head>
        
            <p>Quel éditeur XML choisir ?</p>
            <p>N’importe quel éditeur de texte</p>
          <list>
            <item>XMLMind XML Editor</item>
            
            <item>Pourquoi Oxygen ?</item>
          </list>
            
          
      
            <p>Qui doit encoder ?</p>
        <p>Un schéma est-il figé dans le marbre ?</p>
            <p>Pourquoi faut-il produire une documentation ?</p>
          
            <p>Comment publier mes données ?</p>
         
      
      </div>
      <div type="slide">
        <head>La TEI comme format pivot</head>
                  <list>
                    <item>Sorties HTML</item>
                    <item>Sorties EPub, Kindle, etc.</item>
                    <item>Sorties papier (PDF, LateX, etc.)</item>
                  </list>
            
          </div>
        <div type="slide">
         
            <head>Le stockage des données</head>
            <p>Travailler avec des données XML nécessite de pouvoir effectuer trois types d’opérations distinctes :</p>
            <list>
              <item>ajouter de l’information dans l’entrepôt,</item>
              <item>chercher et retrouver l’information dans l’entrepôt,</item>
              <item>et mettre à jour l’information contenue dans l’entrepôt.</item>
            </list>
            <p>Plusieurs solutions pour les entrepôts de ressources XML existent parmi lesquelles :</p>
            <list>
              <item>le stockage en système de fichiers,</item>
              <item>l’utilisation de bases de données relationnelles,</item>
              <item>le stockage dans des bases de données XML natives.</item>
            </list>
        </div>
        <div type="slide">
          
            <head>Le stockage en système de fichiers</head>
          
          
            <p>C’est la solution la plus simple, le document complet constitue l’entité principale (il peut être découpé en plusieurs fichiers). Les structures internes ne jouent aucun rôle. Cette solution peut être implémentée avec n’importe quel système d'exploitation. Si elle est efficace et peu coûteuse, d’autres opérations comme la recherche qui requièrent un accès à la structure interne du document peuvent rapidement  devenir difficiles.</p>
            <p>Le stockage à plat n’est donc pas le plus approprié lorsque la recherche est fréquente car le niveau de granularité du stockage est le document entier et non pas son contenu.</p>
        </div>
        <div type="slide">
         
            <head>Bases de données relationnelles</head>
            <p>Les données XML peuvent être stockées dans des bases de données relationnelles. Elles peuvent ainsi bénéficier des fonctionnalités d’indexation, de transaction et d’optimisation des requêtes habituellement offertes par ces systèmes. </p>
            <p>Cependant, comme les données XML sont des données semi-structurées, elles nécessitent une conversion dans un modèle de données relationnelles. Compte tenu des différences significatives qui existent entre les modèles relationnels et les structures imbriquées des données semi-structurées, ces conversions impliquent généralement des jointures coûteuses pour le traitement des requêtes. </p>
           
             
                <p>Certains SGBDR proposent des APIs XML (XQuery, XPath)</p>
              
         
       
        </div>
        <div type="slide">
          
            <head>Les bases de données XML natives</head>
            <p>Conçues spécialement pour gérer des fichiers XML, les bases de données XML ont l’avantage de ne pas nécessiter d’opérations de conversion. Elles préservent la structure logique des documents XML (éléments, attributs, entités, ordre logique de ces noeuds). Les techniques de stockage et de traitement des requêtes adoptées par les bases de données XML sont habituellement plus efficientes que celles basées sur le stockage en système de fichiers et les bases de données relationnelles.</p>
              <p>Plusieurs langages de requêtes ont été proposés pour manipuler des données XML (XML-QL, XML-GL, Quilt, XPath et XQuery). Le principal langage de requête pour XML qui ait été standardisé est XQuery. Il repose sur l’utilisation d’expressions de chemins XPath qui adressent des ensembles des parties spécifiques des documents XML.</p>
         
                <p>cf. <ref target="http://www.rpbourret.com/xml/ProdsNative.htm"
                  >http://www.rpbourret.com/xml/ProdsNative.htm</ref> </p>
         
          <list>
            <head>Bases de données XML natives</head>
            <item><ref target="http://basex.org/">Basex</ref></item>
            <item><ref target="http://exist-db.org/">eXist-DB</ref></item>
            <item><ref target="http://www.marklogic.com/">Marklogic</ref></item>
          </list>
        
      </div>
      <div type="slide">
        <head>Tirer parti de l’outillage XML : la transformation de documents XML</head>
       
           
              <p>Deux principaux langages de transformation de XML (<ref target="https://www.w3.org/TR/xslt-30/">XSLT</ref>, XSL-FO)</p>
              <p>
                Capables de générer d’autres formats à partir du document source</p>
        <p>XSLT est utilisé dans deux situations différentes : 
          <list>
            <item>pour la conversion d’informations structurées en XML conformément à un modèle A en
              informations structurées en XML conformément à un modèle B (ex. EAD ou TEI vers Dublin
              Core, format propriétaire vers TEI...). Le but est alors souvent, soit d'enrichir ou de corriger les documents XML, soit de permettre l’échange d’informations
              entre applications utilisant des modèles de données différents (permettre l’interopérabilité)</item>
            <item>pour la publication de documents XML, i.e. la production de divers formats de sortie. Cas
              d’utilisation principal : génération de pages Web, en HTML ; peut aussi être génération de
              fichiers texte, etc.</item>
          </list>
        </p>
          <p>Le langage XSL-FO permet de générer
          du PDF à partir de documents XML.</p>
            
        <p>Ces deux langages utilisent le langage XPath.</p>
        <p>Noter que les processeurs disponibles pour réaliser une transformation XSLT sont limités à la version 1.0 du langage dans l’environnement courant LAMP (Linux Apache PHP). Les processeurs XSLT 2.0 et XQuery sont généralement incompatibles avec cet environnement. <!--<p>’est une des raisons pour lesquelles la plupart des applications pour travailler avec des sources XML sont développées en Java pour pleinement tirer parti des possibilités de ces langages et du modèle de données.--></p>
       
          
        </div>
       
        <div type="slide">
         
            <head>Processus de transformation <hi>XSLT</hi></head>
            <figure>
              <graphic url="xsltProcessing.svg"/>
            </figure>
          
        
            <p>Ce schéma présente le processus à l’œuvre lorsque l’on associe un programme XSLT et un document XML source.</p>
            <p>Un programme XSLT spécifie une sortie à produire à partir d’un segment ou d’un fichier XML, si ce segment existe dans le document fourni en entrée et répond à certains critères.</p>
            
          
        </div>
       
      
        <div type="slide">
          
            <head>Stratégies de publication web de documents XML (TEI)</head>
          <list>
            <label>Produire un site statique avec des transformations XSLT</label>
            <item>Le résultat de la transformation est placé sur le serveur sous forme d’un site web statique</item>
            <label>Produire un site dynamique avec des pipelines de traitement</label>
            <item>Des environnements tels que Cocoon permettent de développer des chaînes de traitement qui peuvent être exécutées dynamiquement côté serveur</item>
            <label>Produire un site dynamique avec une base de données XML native</label>
            <item>Une base de données XML native permet l’exécution dynamique des requêtes. Particulièrement adapté pour des contenus sujets à des modifications ou les requêtes non pré-définies</item>
          </list>
        
            
          
        </div>
        <div type="slide">
        
            <head>Hébergement des données</head>
            <p>Comment les créateurs de données en TEI dans des petites institutions peuvent-ils publier et archiver leurs données, et disposer d’un support technique pour leurs projets ?</p>
            
          <p>Une question d’échelle : intérêt de la publication de regroupement de textes / mutualisation et économie</p>
          <p>Question de la vulnérabilité des ressources produites. Choix de technologies libres et ouvertes pour la publication qui garantissent l’indépendance à l’égard d’une infrastructure commerciale. Le médium numérique requiert néanmoins une attention particulière. La production d’une édition électronique nécessite d’envisager sa maintenance dans le temps sans quoi elle risque de devenir obsolète ou de ne plus être disponible.</p>
          
         
          <p>La grille de services de la TGIR Huma-Num (<ref target="http://www.huma-num.fr/services-et-outils"
            >http://www.huma-num.fr/services-et-outils</ref>) offre un hébergement web adapté, sécurisé et robuste, pour accueillir des servlets java. Cette solution est favorisée par le CNRS pour les projetsd'humanités numériques car elle permet une mutualisation au niveau de l’infrastructure serveur : virtualisation, maintenance, montée en charge, performance, évolutivité en fonction des besoins, etc. Cette solution a en outre l’avantage de la gratuité pour les projets ANR et réalisés dans le cadre de Labex.</p>
          <p>Outre l’hébergement web, l’offre de la TGIR Huma-Num un ensemble de services qui peuvent s’avérer nécessaires, notamment en ce qui concerne la pérennisation des données et leur archivage à long terme réalisé en partenariat avec le CINES (Centre Informatique National de l’Enseignement Supérieur) de Montpellier. </p>
          
         
     
       
      </div>
     
            <div type="slide">
               <head>2. Quelques outils pour travailler avec ses fichiers TEI</head>
            </div>
         <div type="slide">
           
               <head><hi>CSS</hi> Cascading stylesheets</head>
           <p> <ref target="https://www.w3.org/Style/CSS/"
             >https://www.w3.org/Style/CSS/</ref> </p>
            
         </div>
            <div type="slide">
               
                  <head>TEI Boilerplate</head>
                  <p> <ref target="http://dcl.slis.indiana.edu/teibp/"
                     >http://dcl.slis.indiana.edu/teibp/</ref> </p>
               
            </div>
            <div type="slide">
               
                  <head>TEI stylesheets</head>
                  <p>Framework de transformations XML-TEI</p>
                  <p>Sebastian Rhatz (Oxford)</p>
                  <p><ref target="https://github.com/TEIC/Stylesheets"
                     >https://github.com/TEIC/Stylesheets</ref> </p>
               
            </div>
            <div type="slide">
               
                  <head>OxGarage</head>
                  <p>WebService (REST) pour transformer des documents TEI en plusieurs formats différents</p>
                  <p>Basé sur les TEI Stylesheets</p>
                  <p>http://oxgarage.oucs.ox.ac.uk:8080/ege-webclient/</p>
               
              <!-- <div>
                  <head>OxGarage</head>
                  <p>OxGarage is a web, and RESTful, service to manage the transformation of documents between a variety of formats. The majority of transformations use the Text Encoding Initiative format as a pivot format. It is a good tool for conversion from TEI to Word (.docx), or Word (.docx) to TEI, but also does many other formats.</p>
               </div>-->
            </div>
            <div type="slide">
               <head>Comparaison de versions d'un même texte, aide à l'édition TEI de ces versions</head>
                  <head>CollateX et Juxta, pour comparer des versions d'un texte</head>
                  <p>CollateX <ref target="http://collatex.net">http://collatex.net</ref> </p>
                  <p>Juxta : <ref target="http://www.juxtasoftware.org">http://www.juxtasoftware.org</ref> </p>
              <p>TEI ToolBox : <ref target="http://ciham-digital.huma-num.fr/teitoolbox/">http://ciham-digital.huma-num.fr/teitoolbox/</ref></p>
               
            </div>
       
            <div type="slide">
              <head>Lexicométrie, statistique textuelle, étiquetage morphosyntaxique</head>
                 <p>TXM : <ref target="http://textometrie.ens-lyon.fr/">http://textometrie.ens-lyon.fr</ref></p>
               
                  <p>Née en France dans les années 80, la Textométrie a développé des techniques puissantes et originales pour l’analyse de grands corpus de textes.</p>
                  <p>Reprenant les acquis de la lexicométrie et de la statistique textuelle, elle propose des outils et des méthodes éprouvés dans de multiples branches des SHS et statistiquement solidement fondés.</p>
                  <p>TreeTagger : pour l’étiquetage morphosyntaxique et la lemmatisation</p>
              
            </div>
         <div type="slide">
               
              
                  <head>Solutions de publications en environnement <hi>LAMP</hi> et <hi>Java</hi></head>
                
                  <p>Il n’existe pour le moment pas de CMS (Content Manager System) véritablement dédié à la publication de fichiers XML-TEI. Cela s’explique notamment par le fait que la TEI n’est pas à proprement parler un standard mais qu’elle constitue plutôt un cadre de travail personnalisable en fonctions des besoins particuliers d’un projet de recherche. Les spécificités dans l’encodage des fichiers compliquent, voire rendent impossible, la production de transformations génériques.</p>
                  <p>Un certain nombre de solutions pour la publication de fichiers TEI sur le web ont cependant été développées dans l’environnement le plus courant, LAMP (Linux, Apache HTTP, MySql, PHP). Compte tenu de la très large utilisation des CMS (Content Manager System) pour la publication web, plusieurs tentatives ont été mises en place pour faciliter la publication de fichiers TEI à l’aide de ces logiciels.</p>
                  <p>La plupart des applications XML natives ont été développées en environnement Java. Cela tient notamment au fait que, jusqu’à présent, les processeurs XSLT et XQuery les plus efficaces sont développés en Java. Du point de vue de l’hébergement d’application web, cela peut présenter un certain nombre d’inconvénients car leur déploiement nécessite un conteneur de servlets Java. Un tel environnement de développement web ne correspond pas à l’offre classique LAMP (Linux, Apache HTTP, MySql, PHP ) des hébergeurs de site web. Comme elle peut être coûteuse en ressources elle présente souvent un surcoût non négligeable, par ailleurs, elle peut poser des problèmes de sécurité. En France, la TGIR Huma-Num met cependant à disposition des hébergements de ce type dans le cadre de sa grille de services.</p>
           
               
            </div>
            <div type="slide">
               
                 <head>CETEIcean</head>
                  <p><ref target="https://github.com/TEIC/CETEIcean">CETEIcean</ref></p>
                  <p>CEITEIcean est une bibliothèque JavaScript qui permet le rendu direct de documents TEI dans le navigateur en utilisant les web components de HTML5.</p>
               
            </div>
            <div type="slide">
             
                  <head>Omeka + TeiDisplay</head>
                
                        <p> <ref target="http://omeka.org/"
                           >Omeka</ref> est un CMS libre et open source développé par le <ref
                           target="http://chnm.gmu.edu/"
                           >Roy Rosenzweig Center for History and New Media</ref>. Spécialement destiné au secteur patrimonial et culturel, cette solution de publication adopte un grand nombre de standards pour gérer des collections de ressources avec leurs métadonnées (EAD, Dublin Core, utilisation de vocabulaires, etc.). Plusieurs modules qui étendent les fonctionnalités du CMS offrent des outils adaptés au domaine historique et universitaire (frises chronologiques, entrepôt OAI-PMH, etc.).</p>
              <p> <ref target="https://github.com/scholarslab/TeiDisplay"
                           >TeiDisplay</ref> est une extension (plugin) créée pour publier des fichiers TEI associés à un item Omeka en utilisant une transformation XSLT. La transformation par défaut propose un rendu intégral du texte ou par segment, génère une table des matières, et des métadonnées Dublin Core à partir de l’en-tête TEI du fichier. Plusieurs options de configuration de la transformation sont disponibles par le biais d’une interface d’administration.</p>
               
              
                  <p>S’agissant d’une solution relativement légère et prête à l’emploi, l’utilisation de ce module peut intéresser des projets modestes disposant d’un encodage XML-TEI assez sommaire compatible avec la transformation proposée par défaut. Le contexte d’utilisation est plutôt celui de la publication de collections de ressources patrimoniales et culturelles parmi lesquelles on voudrait facilement publier des sources textuelles. Le programme XSLT peut au besoin être adapté, mais Omeka étant une application PHP, l’utilisation de XSLT est limitée à la version 1.0, ce qui peut considérablement limiter les traitements.</p>
            </div>
            <div type="slide">
              
                  <head>TEICHI (Text Encoding Initiative Computer-Human Interaction) Framework</head>
                 
                        <p>Le <ref target="http://www.teichi.org"
                           >Framework TEICHI</ref> est un outil modulaire destiné à présenter des documents encodés avec la <ref
                           target="http://www.tei-c.org/Guidelines/Customization/Lite/"
                           >TEI Lite</ref> (une personnalisation restreinte de la TEI) comme des pages sur un site fonctionnant avec le CMS (Content Manager System) libre et open source <ref
                           target="https://drupal.org"
                           >Drupal</ref>. Il se compose de quatre modules (TEI Content, TEI Download, TEI Imageviewer, et TEI Search) qui servent ensemble à présenter facilement sur le web des documents encodés en TEI.</p>
                        <p>C’est une solution bien adaptée pour des projets éditoriaux relativement simples (il ne prend pas en charge le module de critique textuelle de la TEI). Les documents XML-TEI sont gérés dans la base de données de Drupal. Comme ce CMS, le module a été conçu pour des créateurs de contenus sans connaissances techniques particulières. Il est complètement intégré à Drupal.</p>
                      
                        <p>D’autres solutions d’intégration avec Drupal sont brièvement présentées sur le <ref
                           target="http://wiki.tei-c.org/index.php/Drupal">wiki de la TEI</ref>.</p>
                        <p>Plus généralement, sur l’utilisation de Drupal pour les humanités, voir <ref
                           target="http://drupal.forhumanists.org/book/when-not-use-drupal"
                           >"When Not to Use Drupal", _Drupal for Humanists_</ref> </p>
                        <p>Voir également sur la <ref
                           target="http://tei-l.970651.n3.nabble.com/TEI-amp-Drupal-revisited-td4022207.html"
                           >liste de discussion TEI</ref> </p>
                        <p>et <ref
                           target="http://listserv.brown.edu/archives/cgi-bin/wa?A2=tei-l;5685b681.1310"
                           >ici</ref> </p>
                        <p>Le projet <ref target="http://dare.uni-koeln.de/"
                           >DARE project</ref> annonçait il y a quelques mois son intention de publier des modules pour Drupal.</p>
                        <p>Il est possible d’utiliser le module feeds de Drupal afin de rendre du contenu en XML. Celui-ci permet l’utilisation d’expressions XPath relativement élémentaires. Ici encore, il ne s’agit pas à proprement parler d’utiliser Drupal comme un gestionnaire de contenu mais plutôt comme une simple plate-forme de publication.</p>
               
            </div>
            <div type="slide">
              
                  <head>Diple</head>
                  <p>L’École des chartes avait développé pour ses propres besoins une solution logicielle PHP libre et open source pour la publication de documents XML-TEI. Un certain nombre des publications actuelles de l’École sont publiées au moyen de Diple.</p>
                  <p>Après le départ des deux ingénieurs en charge des développements, le logiciel n’est plus maintenu. L’École des chartes s’oriente actuellement vers un partenariat avec la chaîne éditoriale des Presses universitaires de Caen. Cependant, il est probable que l’application continue d’être développée dans un autre contexte sous un autre nom.</p>
              <!--    <p><ref target="http://oeuvres.github.io/Teinte/">http://oeuvres.github.io/Teinte/</ref></p>-->
               
            </div>
            <div type="slide">
              
                  <head>Versionning Machine</head>
              <p><ref target="http://v-machine.org">http://v-machine.org</ref></p>
                  <p>Cette solution de publication légère est d’abord destinée à des contenus courts qui disposent de plusieurs témoins. La transformation a lieu côté navigateur ou est réalisée avant la publication.</p>
               
            </div>
         <!--   <div type="slide">
              
                  <head> <ref target="Digital Workspace">Getty</ref> </head>
                
                        <head> <ref target="http://blogs.getty.edu/iris/creating"
                           >http://blogs.getty.edu/iris/creating</ref>-getty-scholars-workspace-lessons-from-the-digital-humanities-trenches/</head>
                     </div>
                   
                        <p>Le Getty développe actuellement un projet d’espace de travail numérique dans le cadre du projet Digital Mellini + Montagny.</p>
                        <p>La plate-forme d’édition paraît relativement rudimentaire et paraît plutôt orientée sur la collaboration entre chercheurs.</p>
                  
               
            </div>-->
            <div type="slide">
               
                
                        <head>Islandora </head>
                        <p>Développé par la Robertson Library de l’université Prince Edward Island, <ref
                           target="http://islandora.ca/"
                           >Islandora</ref> est un système de gestion de contenu pour le domaine universitaire. C’est une combinaison de Drupal et de Fedora.</p>
                        <p>Pour la TEI le dispositif permet de traiter des livres avec un certain nombre d’automatisations. Le logiciel dispose d’un module WYSIWYG (What You See Is What You Get) d’édition des fichiers TEI qui permet la validation contre un schéma RelaxNG. Ce module rédigé en Javascript est configurable.</p>
                        <p>De nouveaux développements doivent, dans un avenir proche, permettre d’étendre considérablement les fonctionnalités de cet éditeur à la fois pour la TEI et pour l’annotation sémantique avec des balisages externes tant en WYSIWYG qu’en édition directe du code.</p>
               
               
            </div>
            <div type="slide">
               
                  <head>CWRC-Writer</head>
                
                        <p><ref target="https://sites.google.com/site/cwrcwriterhelp/"
                           >CWRC-Writer</ref> </p>
                    
                        <p>Outil de balisage WYSIWYG en environnement web</p>
                        <p>Ce dispositif est plutôt dédié à des projets de grande ampleur. Néanmoins, l’outil WYSIWYG de balisage peut s’avérer intéressant pour ouvrir l’encodage à des contributions de non spécialistes.</p>
                        
                    
               
            </div>
           <!-- <div type="slide">
               <div>
                  <head>Fedora Commons Repository Software</head>
                  <div>
                     <div>
                        <head> <ref target="http://www.fedora-commons.org">Fedora</ref> </head>
                        <p>-\-\-</p>
                     </div>
                  </div>
               </div>
            </div>-->
            <div type="slide">
               
                 
                        <head> Kiln </head>
                   
                       
              <p><ref target="https://github.com/kcl-ddh/kiln">Kiln</ref> est une solution basée sur Cocoon développée pour la publication des sources du King's College, mise à disposition en open source. Elle est adossée à une base de données XML native et à l’utilisation d’un moteur de recherche Solr. Il n’y a semble-t-il pas vraiment de communauté d’utilisateurs.</p>
              <p>Voir  <ref target="http://kiln.readthedocs.org/en/latest/"
                >Kiln documentation</ref> </p>
                      
                  
               
            </div>
            <div type="slide">
               
                  <head>TextGrid</head>
                  
                       <p> <ref target="https://textgrid.de/en/">TextGrid</ref> </p>
                   
                        <p>TextGrid est un important framework de publication de sources textuelles développée avec des financements européens. La solution ne semble pas d’une très grande légèreté pour des projets de petite échelle.</p>
                       
               
            </div>
            <div type="slide">
              
                  <head>Text Text Link Editor</head>
                 
                        <p> <ref
                           target="https://dev2.dariah.eu/wiki/display/TextGrid/Text+Text+Link+Editor"
                           >Text Text Link Editor</ref> </p>
                   
               
            </div>
            <div type="slide">
              
               
              <head> Muruca </head>
                   
                       
                     
              <p><ref target="www.muruca.org">Muruca</ref> est une solution commerciale de publication de sources XML-TEI développée par la Société Seven. Cette suite logicielle est actuellement employée dans le cadre de nombreux projets universitaires, mais elle est assez coûteuse.</p>
                      
               
            </div>
            <div type="slide">
              
                  <head>Scalable architecture for Digital Editions SADE</head>
               
                        <p> <ref target="http://www.bbaw.de/telota/software/sade/">Sade</ref>
                        </p>
                   
                   
                        <p>Basé sur la base de données XML native eXist-db, cette suite logicielle suppose un environnement Java. Elle permet une présentation flexible de divers contenus.</p>
                        <p>Adapté à plus de contextes éditoriaux que TEI, mais pas de fonctionnalités "out-of-the-box". Le logiciel propose un environnement d’annotation et de transcription proche d’un CMS.</p>
            </div>
      
               
            <div type="slide">
               
                  <head>TAPAS</head>
                
                        <p> <ref target="http://tapasproject.org"
                           >TAPAS (TEI Archiving Publishing and Access Service)</ref> </p>
                        <p>TAPAS  est un projet américain de la NorthEastern Universiry (Boston, MA) de plateforme de publication et d’archivage pour la TEI. Il s’adresse à des projets ne disposant pas de ressources institutionnelles suffisantes pour publier leurs documents TEI. C’est un projet collaboratif et ouvert.</p>
                       
               
            </div>
            <div type="slide">
               
                  <head>TEI publisher</head>
                  
                        <p> <ref target="http://teipublisher.com">http://teipublisher.com</ref>
                        </p>
                     
                      
              <p>Basé sur la base de données XML native eXist-db, cette solution logicielle repose sur des XSLT qui implémentent le nouveau TEI Processing model. Il a été notamment développé pour accompagner la publication des ouvrages de la Early English Books Online collection libérés récemment.</p>
                   
               
            </div>
            <div type="slide">
               
                  <head>Edition Visualization Technology (EVT)</head>
                 
                        <p> <ref target="https://visualizationtechnology.wordpress.com">https://visualizationtechnology.wordpress.com</ref>
                        </p>
                    
                    
                        <p>EVT est une solution légère pour la publication d’éditions hyperdiplomatiques.</p>
            </div>    
               
            <div type="slide">
              
                  <head>eLaborate (Hygens ING)</head>
                
                        <p> <ref target="http://www.e-laborate.nl/en/">eLaborate</ref> </p>
                    
                       
                        <p> eLaborate est une plate-forme web collaborative pour l’édition de manuscrits. Elle propose aux éditeurs une visualisation par panneaux reconfigurables pour visualiser les fac-simili en regard de la transcription, etc. Le même dispositif est utilisé pour la transcription et la publication. L’outil permet la publication simultanée des modifications et des annotations à l’ensemble des utilisateurs.</p>
                        <p>Le projet devait être déployé sur <ref target="http://www.clarin.nl"
                           >Clarin</ref> en 2012.</p>
                        <p>L’accès à la plate-forme est pour le moment réservée aux chercheurs de l’Huygens ING.</p>
                        <p>Un exemple d’édition réalisée à l’aide de cet outil est disponible <ref
                           target="http://martianus.huygensinstituut.knaw.nl/path">ici</ref>.</p>
                  
            </div>
      <div>
        <head>SynopsX</head>
        <p>Synops<hi>X</hi> <ref target="http://synopsx.github.io">http://synopsx.github.io</ref></p>
        <p>Une application Java, utilisant la base XML native BaseX, pour la publication de corpus XML.</p>
      </div>
            <!--<div type="slide">
               <div>
                  <head>Wikisource</head>
                  <p>Wikisource propose un cadre d’édition collaboratif basé sur le logiciel wikimédia, mais ses fonctionnalités sont relativement limitées en matière de balisage du texte.</p>
               </div>
            </div>-->
            <div type="slide">
             
                  <head>Orientations</head>
                  <p>TEI Tools, site de la Text Encoding Initiative, http://www.tei-c.org/Tools/</p>
                  <p>http://wiki.tei-c.org/index.php/Category:Tools</p>
                  <list type="unordered">
                     <item>The UVic Image Markup Tool Project http://tapor.uvic.ca/~mholmes/image_markup/index.php</item>
                     <item>Tile, Text-image linking environment, <ref
                        target="http://mith.umd.edu/tile/">http://mith.umd.edu/tile/</ref> </item>
                     <item>Philologic, <ref target="https://sites.google.com/site/philologic3/"
                        >https://sites.google.com/site/philologic3/</ref> </item>
                     <item>Ediarum, <ref target="http://www.bbaw.de/en/telota/software/ediarum">http://www.bbaw.de/en/telota/software/ediarum</ref></item>
                     <item>Virtual Machine, <ref target="http://v-machine.org/samples.php">http://v-machine.org/samples.php</ref></item>
                     <item>The Canadian Writing Research Collaboratory, <ref target="http://www.cwrc.ca">http://www.cwrc.ca</ref></item>
                     <item>TextGrid, <ref target="http://www.textgrid.de/en/">http://www.textgrid.de/en/</ref></item>
                  </list>
             
            </div>
            <div type="slide">
               
                  <head>Orientations (suite)</head>
                  <list type="unordered">
                     <item>Concordance, http://www.concordancesoftware.co.uk</item>
                     <item> <ref target="http://interedition"
                        >http://interedition</ref>-tools.appspot.com</item>
                     <item>Brat rapid annotation tool, <ref target="http://brat.nlplab.org"
                        >http://brat.nlplab.org</ref> </item>
                     <item>The Digital Classicist, <ref target="http://www.digitalclassicist.org"
                        >http://www.digitalclassicist.org</ref> et <ref
                        target="https://wiki.digitalclassicist.org/Category"
                        >https://wiki.digitalclassicist.org/Category</ref>:Tools</item>
                     <item>Digital Classics Association, <ref target="http://dca.drupalgardens.com"
                        >http://dca.drupalgardens.com</ref> </item>
                     <item>Philologie à venir, <ref target="http://philologia.hypotheses.org"
                        >http://philologia.hypotheses.org</ref> </item>
                     <item>http://textvis.lnu.se</item>
                     <item>http://www.tapor.ca</item>
                  </list>
               
            </div>
         
          
         
      
          
         
           
           
         
           
          
           
       
    </body>
  
  </text>
</TEI>
