<?xml version="1.0" encoding="UTF-8"?>
<?xml-model href="http://www.tei-c.org/release/xml/tei/custom/schema/relaxng/tei_all.rng" type="application/xml" schematypens="http://relaxng.org/ns/structure/1.0"?>
<?xml-model href="http://www.tei-c.org/release/xml/tei/custom/schema/relaxng/tei_all.rng" type="application/xml"
	schematypens="http://purl.oclc.org/dsdl/schematron"?>
<TEI xmlns="http://www.tei-c.org/ns/1.0">
   <teiHeader>
      <fileDesc>
         <titleStmt>
            <title>Exercice TEI Header</title>
         </titleStmt>
         <publicationStmt>
            <publisher>Lou Burnard Consulting</publisher>
            <date when="2016">2017</date>
         </publicationStmt>
         <sourceDesc>
            <p>Document nativement numérique</p>
         </sourceDesc>
      </fileDesc>
      <revisionDesc>
         <change when="2017-11"><name>Lou</name> revisions pour formation aux archives</change>
         <change when="2016-05">Création du fichier</change>
      </revisionDesc>
   </teiHeader>
   <text>
      <body>
          
               <p>Dans cet exercice, nous allons créer un en-tête basique pour une de nos transcriptions:
                  il s’agit ici d’explorer les possibilités offertes par la TEI pour fournir les métadonnées 
                  concernant le document à éditer.</p>
            
            <div>
               <head>La description de fichier (<gi>fileDesc</gi>)</head>
               <p>Pour le moment, votre en-tête TEI présente des informations minimales. Nous allons maintenant essayer de mieux renseigner la description de fichier.</p>
               <list>
                  <label>Donner un titre à votre édition</label>
                  <item>Dans <gi>titleStmt</gi>, donnez un titre et un sous-titre à votre édition.</item>
                  <label>Fournir les mentions de responsabilité</label>
                  <item>Toujours à l’intérieur de <gi>titleStmt</gi>, renseignez maintenant l’éditeur 
                     (on dira pour l’exercice qu’il s’agit des Archives Nationales), renseignez le 
                     transcripteur (on dira ici que c’est vous).</item>
                  <label>Indications sur le financement du projet</label>
                  <item>Comme votre édition est financée par le Ministre de Culture, vous voulez l’indiquer.</item>
                  <label>Renseigner les mentions de publication</label>
                  <item>Vous allez maintenant renseigner les mention de publication avec 
                     <gi>publicationStmt</gi>. Observez à quel endroit le schéma vous permet d’ajouter 
                     cet élément. Donnez ici une date de publication, et un responsable de la publication 
                     (disons la Bibliothèque nationale de France).</item>
                  <label>Description de la source</label>
                  <item>La description de la source avec <gi>sourceDesc</gi> est obligatoire dans un
                     fichier TEI. Pour le moment, il suffit de garder la description deja fournie et balisee avec un seul <gi>p</gi>
                    . Nous
                     revenons sur cela à la fin de l'exercice. <!--<ident>650308</ident> à http://gallica.bnf.fr/ark:/12148/btv1b10010053c/f2.image-->
                  </item>
               </list>
            </div>
            <div>
               <head>La description de l’encodage (<gi>encodingDesc</gi>)</head>
               <p>Nous allons maintenant essayer de fournir des indications sur l’encodage du fichier.</p>
               <list>
                  <label>Fournir un élément <gi>encodingDesc</gi></label>
                  <item>Ajoutez à votre fichier un élément <gi>encodingDesc</gi> après <gi>fileDesc</gi>.</item>
                  <label>Observer les éléments disponibles dans <gi>encodingDesc</gi></label>
                  <item>Dans <gi>encodingDesc</gi>, plusieurs sous-éléments sont disponibles pour indiquer la manière dont le texte est encodé. Positionnez-vous à l’intérieur de <gi>encodingDesc</gi> et tappez &lt; pour observer les éléments disponibles, et parcourez les.</item>
                  <label>Donner des indications éditoriales</label>
                  <item>Nous voulons fournir des indications sur nos pratiques éditoriales avec <gi>editorialDecl</gi>. 
                     Observez à nouveau les sous-éléments disponibles. Nous nous contenterons de les donner en texte libre avec <gi>p</gi>.</item>
               </list>
            </div>
            <div>
               <head>Indication sur les révisions</head>
               <p>Au fur et à mesure de votre édition, il pourrait être utile de renseigner l’historique des révisions apportées à votre fichier.</p>
               <list>
                  <label>Ajouter un élément sur les révisions</label>
                  <item>Après <gi>encodingDesc</gi>, ajoutez maintenant un élément <gi>revisionDesc</gi></item>
                  <label>Indiquer la création du fichier</label>
                  <item>Dans l’élément <gi>revisonDesc</gi>, 
                     essayez d’indiquer la date de création du fichier et de fournir une date.</item>
               </list>
           </div><div><head>Description du manuscrit</head> 
           <p>Maintenant, revenons à la description de notre source manuscrite. On peut mieux structurer la description fournie, à fin de 
              permettre des recherches plus précises, genre <soCalled>codicologie quantitative</soCalled>...</p><list>
                 <item>Remplacez le <gi>p</gi> dans votre <gi>sourceDesc</gi>par un <gi>msDesc</gi>. Tout devient rouge, bien sur.
                    Séléctionnez tout le texte et tapez CTRL-MAJ-, (virgule): le texte existant reste disponible dans un commentaire, et nous
                    pourrons extraire les phrases utiles pour notre encodage en faisant copier-coller.</item>
               <item>Comme avant, tapez un chevron pour voir quels éléments sont disponibles à l'intérieur de votre msDesc. 
                    Il faut commencer par un <gi>msIdentifier</gi> qui, dans notre cas contiendra la mention des Archives (<gi>institution</gi>)
                    et la cote du manuscrit (<gi>idno</gi>)</item>
                 <item>Continuez de la meme manière. Vous  devrez ajouter
                    un <gi>physDesc</gi> contenant un <gi>objectDesc</gi> ; ce dernier serait 
                    compose d'un <gi>supportDesc</gi>, qui contient des informations concernant  
                    le support (<gi>support</gi>) lui meme et sa taille (<gi>extent</gi>, <gi>dimensions</gi>,
                    regroupant <gi>height</gi> et <gi>width</gi>). Il pourrait etre complete par un <gi>handDesc</gi> pour decrire
                    la mode d'ecriture (encre).
                 </item>
                 <item>Vous n'etes pas obligé.e d'ajouter un <gi>msContents</gi>, mais c'est conseillé: vous
                    pourrez simplement copier le titre du <gi>titleStmt</gi> ou le simplifier <q>Testament d'un poilu</q></item>
     </list></div>
      </body>
   </text>
</TEI>
