<?xml version="1.0" encoding="UTF-8"?>
<TEI xmlns="http://www.tei-c.org/ns/1.0" xml:lang="fr">
    <teiHeader>
        <fileDesc>
            <titleStmt>
                <title>Personnalisation de schéma avec Roma</title>
                <author>Lou Burnard Consulting</author>
            </titleStmt>
            <publicationStmt>
                <publisher>Lou Burnard Consulting</publisher>
                <availability>
                    <p>Freely available for use and derivative works under a Creative Commons
                        Attribution license.</p>
                </availability>
            </publicationStmt>
            <sourceDesc>
                <p>Various previous talks, TEI Guidelines, etc.</p>
            </sourceDesc>
        </fileDesc>
        <revisionDesc>
            <change when="2017-10"><name>Lou</name> contrôle des noms de fichiers</change>
            <change when="2016-05"><name>Emmanuel</name> Minor clarifications</change>
            <change when="2014-01-28"><name>Lou</name>Minor clarifications</change>
            <change when="2013-10-20"><name>Lou</name>Revised to use simpler schema as
                example</change>
            <change when="2012-11-06">
                <name>Lauranne Bertrand</name> Correction des coquilles et adaptation pour la
                formation TEI ++ </change>
            <change when="2012-11-06">
                <name>Alexei Lavrentiev</name> Relecture et corrections mineures </change>
            <change>
                <date when="2012-08-30"/>revised and translated into French by <name>Lou
                    Burnard</name></change>
        </revisionDesc>
    </teiHeader>
    <text xml:lang="fr">
        <body>
            <div>
                <head>Objectifs de cet exercice</head>
                <list type="bulleted">
                    <item>Choisir entre les modules TEI</item>
                    <item>Combiner les modules TEI pour créer un schéma personnalisé</item>
                    <item>Sélectionner un sous-ensemble d’éléments d’un module TEI</item>
                    <item>Associer un schéma personnalisé avec un document TEI-XML dans
                        oXygen</item>
                    <item>Modifier les valeurs légales des attributs disponibles dans un
                        schéma</item>
                    <item>Générer automatiquement la documentation d’un schéma avec Roma</item>
                    <item>Se familiariser avec le format TEI ODD XML sous-jacent</item>
                </list>
            </div>
            <div>
                <head>Création d'un document maximal</head>
                <list>
                    <item>Démarrez oXygen.</item>
                    <item>Cliquez sur l’icône <ident>Nouveau</ident> en haut à gauche (ou
                        sélectionnez <ident>Nouveau</ident> dans le menu <ident>Fichier</ident>, ou
                        tapez <ident>CTRL-N</ident>) pour ouvrir la boîte de dialogue Nouveau</item>
                    <item>oXygen affiche une longue liste des types de document connus. Regardez
                        sous <ident>Modèles du Framework</ident>, puis sélectionnez <ident>TEI
                            P5</ident>, enfin cliquez sur <ident>All</ident>, pour sélectionner un
                        schéma TEI maximal. </item>
                    <item>Cliquez sur le bouton <ident>Créer</ident> en bas de la fenêtre. oXygen
                        affiche alors un nouveau document TEI dans la fenêtre de l’éditeur.</item>
                    <item>Enregistrez ce fichier dans le répertoire <ident>Travaux</ident> sous le
                        nom <ident>myTest.xml</ident>.</item>
                </list>
            </div>
            <div>
                <head>All n’est pas une solution idéale</head>
                <p>Comme vous l’avez déjà vu, oXygen propose automatiquement un certain nombre
                    d’éléments et d’attributs TEI. <list>
                        <item>Dans le document que vous venez de créer, placez le curseur à
                            l’intérieur de l’élément <gi>p</gi>.</item>
                        <item>Tapez <code>&lt;</code>. oXygen vous propose dans un menu contextuel
                            tous les éléments disponibles à cet endroit.</item>
                        <item>Passez en revue la liste des éléments disponibles : un « pop-up »
                            apparaît pour expliquer la fonction de chacun. Regardez, par exemple,
                                <gi>address</gi>, <gi>camera</gi>, <gi>incident</gi>,
                                <gi>metamark</gi>, ou <gi>notatedMusic</gi>.</item>
                        <item>Tapez <ident>ESC</ident> pour sortir du menu&#xa0;; puis supprimez le
                            '&lt;' que vous venez d’ajouter.</item>
                    </list>
                </p>
                <p>On a beaucoup de choix… mais pour un projet donné, il est peu probable qu’on ait
                    besoin de tous ces éléments. Avec autant de possibilités, la probabilité
                    d'introduire des incohérences ou d’effectuer un mauvais choix est fortement
                    augmentée. Cela complexifie également le traitement des documents XML que nous
                    allons créer.</p>
            </div>
            <div>
                <head>Création d’un schéma avec Roma</head>
                <p>Le logiciel Roma vous permet de créer votre propre schéma TEI. Notre objectif
                    sera de créer un schéma simple pour traiter des sources manuscrites, en
                    utilisant les balises que vous avez déjà découvertes.<list>
                        <item>Avec votre navigateur rendez-vous sur <ref
                                target="http://www.tei-c.org/Roma/"
                            >http://www.tei-c.org/Roma/</ref>. La page vous propose quatre options :
                                <list type="ordered">
                                <item><hi>Build up&#xa0; :</hi> on crée une personnalisation en
                                    ajoutant petit à petit ce qu’on souhaite avoir en partant d’une
                                    base minimale</item>
                                <item><hi>Reduce&#xa0; :</hi> on fait l’inverse&#xa0; : c’est-à-dire
                                    qu’on crée une personnalisation en retirant petit à petit ce
                                    qu’on ne souhaite pas avoir en partant d’une base
                                    maximale</item>
                                <item><hi>Create&#xa0; :</hi> on part d’un template déjà
                                    existant</item>
                                <item><hi>Use&#xa0; :</hi> on se sert ici d’une personnalisations
                                    déjà proposée par la TEI</item>
                                <item><hi>Upload&#xa0; :</hi> on retravaille une personnalisation
                                    qu’on a déjà enregistrée.</item>
                            </list>
                        </item>
                        <item>Dans cet exercice, nous choisissons la troisième solution. Choisissez
                            donc <ident>Create</ident> et sélectionnez <ident>TEI Bare</ident>, puis
                            cliquez sur le bouton rouge <ident>start</ident>.</item>
                        <item>Pour régler les paramètres on vous propose alors plusieurs choix : <list>
                                <item><hi>Title&#xa0; :</hi> Changez « TEI absolutely bare » par
                                    (par exemple) « TEI pour les manuscrits ».</item>
                                <item><hi>Filename&#xa0; :</hi> Changez « tei_bare » par (par
                                    exemple) <ident>teiTranscr</ident> (c’est un identifiant, et
                                    donc il ne devrait pas inclure d’espace)</item>
                                <item><hi>Language&#xa0; : </hi> Vous pouvez laisser l’anglais, mais
                                    ce tutoriel part du principe que vous préférez travailler en
                                    français. Sélectionnez alors la case à cocher
                                    « français ».</item>
                                <item><hi>Author name&#xa0; :</hi> Entrez votre propre nom (ou, si
                                    vous préférez, votre pseudonyme) </item>
                                <item>Modifiez la description si vous le souhaitez.</item>
                            </list>
                        </item>
                        <item>Cliquez sur le bouton rouge <ident>Save</ident> en bas de page. Vos
                            changements ont alors été pris en compte : l’interface est maintenant en
                            français, et en haut à droite, le nom de la personnalisation sur
                            laquelle vous travaillez est affichée.</item>
                        <item>Roma est un logiciel international (plus ou moins). Sélectionnez
                            l’onglet <ident>Langage</ident>, et sélectionnez la case à cocher
                                <ident>Français</ident> pour vous assurer que la francisation de cet
                            exercice soit maximale !</item>
                        <item>De nouveau, cliquez sur <ident>Save</ident> en bas de page.</item>
                    </list>
                </p>
            </div>
            <div>
                <head>Sélection de modules</head>
                <p>Un <term>module</term> est un regroupement d’éléments TEI. Tout élément TEI est
                    déclaré dans un module spécifique. Par exemple, pour encoder un dictionnaire
                    vous aurez besoin des éléments spécialisés pour les dicos. Mais ces éléments ne
                    sont pas forcément intéressants pour l’encodage d’autres types de documents.</p>
                <p>Dans Roma, <list>
                        <item>Cliquez sur l’onglet <ident>Modules</ident> pour vérifier quels
                            modules constitueront votre schéma</item>
                        <item>Nous avons commencé avec un schéma très minimaliste. Donc, la liste
                            des modules sélectionnés, qui s’affiche à droite, ne contient que trois
                            modules.</item>
                        <item>Nous souhaitons disposer des balises pour traiter la transcription des
                            manuscrits. Nous aurons donc besoin d’ajouter au moins deux modules
                            supplémentaires.</item>
                        <item>Cliquez sur le mot <ident>ajouter</ident> devant la mention du module
                                <ident>transcr</ident> dans la liste à gauche. Ce module apparaîtra
                            alors dans la liste de droite.</item>
                        <item>Répétez cette manœuvre pour ajouter le module
                            <ident>figures</ident>.</item>
                        <item>Vous disposez maintenant d’un schéma construit à partir des modules :
                                <ident>tei</ident> (Roma ne vous permet pas de supprimer ce module
                                infrastructurel),<ident>core</ident>, <ident>header</ident>,
                                <ident>figures</ident>, <ident>transcr</ident> et
                                <ident>textstructure</ident>.</item>
                    </list>
                </p>
            </div>
            <div>
                <head>Inclusion et exclusion des éléments</head>
                <p>En dépit de ce faible nombre de modules, il reste malgré tout plusieurs éléments
                    sans intérêt pour notre projet.<list>
                        <item>Cliquez sur le mot <mentioned>core</mentioned> à droite (nota&#xa0; :
                            non pas sur le mot <mentioned>supprimer</mentioned> mais sur le nom du
                            module). Une liste de tous les éléments du module <ident>core</ident>
                            s’affiche alors.</item>
                        <item>Chaque ligne de cette table contient&#xa0; : <list>
                                <item>le nom canonique d’un élément</item>
                                <item>une indication de son inclusion ou exclusion</item>
                                <item>le nom de cet élément dans le schéma actuel (normalement c’est
                                    le nom canonique i.e. anglais)</item>
                                <item>un point d’interrogation qui fournit un lien hypertextuel vers
                                    la page de référence pour cet élément</item>
                                <item>une description brève des fonctions de cet élément</item>
                                <item>un lien qui permet de modifier les attributs de cet
                                    élément</item>
                            </list>
                        </item>
                        <item>Cette interface vous permet d’explorer la fonction et l’usage de tous
                            les éléments TEI. Il vous permet également de sélectionner ceux que vous
                            souhaitez intégrer dans votre schéma. </item>
                        <item>Si la case à cocher <ident>Exclure</ident> est sélectionné, cet
                            élément est exclu du schéma; pareillement, si la case à cocher
                                <ident>Inclure</ident> est sélectionné, cet élément est inclus dans
                            le schéma. Et vous pouvez Inclure ou Exclure tous les éléments d’un
                            module en sélectionnant le titre de la table. </item>
                        <item>Pour cet exercice, votre choix de TEI Bare comme point de départ a
                            déjà effectué une sélection des éléments parmi ceux proposés par
                            les trois modules <ident>core</ident>, <ident>header</ident> et
                                <ident>textstructure</ident>. Vous êtes invité à procéder de la
                            manière suivante : <list>
                                <item>Au module <ident>core</ident> il faut ajouter les éléments
                                    suivants : <gi>add</gi>, <gi>choice</gi>, <gi>corr</gi>,
                                        <gi>del</gi>, <gi>graphic</gi>, <gi>hi</gi>, <gi>lb</gi>,
                                        <gi>pb</gi>, <gi>reg</gi>, <gi>sic</gi>, et
                                    <gi>unclear</gi>. Du même module il faut supprimer <gi>item</gi>
                                    <gi>label</gi> et <gi>list</gi>. </item>
                                <item>Pour le module <ident>header</ident> rien à faire.</item>
                                <item>Du module <ident>textstructure</ident> vous devez exclure
                                        <gi>back</gi> et <gi>front</gi> et ajouter <gi>salute</gi>,
                                        <gi>signed</gi>, <gi>trailer</gi> et <gi>closer</gi>. </item>
                                <item>Du module <ident>figures</ident> vous devez exclure tous les
                                    éléments sauf : <gi>figure</gi> et <gi>figDesc</gi>.</item>
                                <item>Enfin, du module <ident>transcr</ident> vous devez inclure
                                    seulement : <gi>facsimile</gi>, <gi>surface</gi>, et
                                        <gi>zone</gi> et supprimer tout les autres.</item>
                            </list></item>
                        <item>N’oubliez pas de cliquer sur le bouton rouge <ident>Save</ident> en
                            bas de page pour enregistrer vos modifications !</item>
                    </list>
                </p>
            </div>
            <div>
                <head>Génération d’un schéma</head>
                <p>
                    <list>
                        <item>Cliquez maintenant sur l’onglet <ident>Schéma</ident>. Vous pouvez
                            choisir entre plusieurs langages de schéma&#xa0; : la TEI se définit
                            indépendamment de ces langages, afin de pouvoir générer tous ces
                            formats.</item>
                        <item>Nous vous conseillons de générer un schéma ou bien en Relax NG Compact
                            Syntax, ou en Relax NG XML Syntax.</item>
                        <item>Cliquez sur <ident>Générer</ident> et votre navigateur dévrait
                            télécharger un fichier de schéma. Placez ce fichier dans votre dossier
                                <code>Travaux</code>.</item>
                        <item rend="bold">Attention ! Ne fermez pas votre navigateur, vous en aurez
                            encore besoin.</item>
                    </list>
                </p>
            </div>
            <div>
                <head>Associer un schéma et un fichier XML avec oXygen</head>
                <p>Jusqu’à présent, oXygen associait le schéma <ident>tei_all</ident> avec votre
                    fichier <ident>myTest.xml</ident>. <list>
                        <item>Revenez dans oXygen et ouvrez votre fichier</item>
                        <item>Dans le menu Document ouvrir le menu Schéma et sélectionnez
                                <ident>Associer un schéma</ident>. (Remarquez l’icône bleue et rouge
                            pour cette action qui devrait également apparaître sur la barre à
                            outils) </item>
                        <item>Dans la boîte de dialogue qui s’affiche, cliquez sur la petite icône
                            en forme de dossier à côté de <ident>URL</ident> pour naviguer vers le
                            fichier RNG que vous venez de créer avec Roma, puis cliquez sur
                                <ident>OK</ident>.</item>
                        <item>Dans votre fichier XML-TEI, vous devrez maintenant voir apparaître une
                            ligne ressemblant à ceci :
                            <egXML xmlns="http://www.tei-c.org/ns/Examples"> &lt;?xml-model
 href="teiTranscr.rnc" type="application/relaxng-compact-syntax"
xmlns="http://relaxng.org/ns/structure/1.0"?&gt; </egXML>
                             . S’il y a d’autres lignes du même type, enlevez-les, pour être
                            sûr !</item>
                    </list>
                </p>
            </div>
            <div>
                <head>Confirmation</head>
                <p>Vous vous souvenez de ces éléments bizarres <gi>address</gi>, <gi>camera</gi>,
                        <gi>musicNotation</gi> etc. qui étaient disponibles au sein d’un
                    paragraphe&#xa0; ? <list>
                        <item>Placez de nouveau le curseur après une balise ouvrante <gi>p</gi>, et
                            tapez '&lt;' pour voir s’ils figurent toujours dans le menu contextuel
                            des éléments disponibles à cet endroit.</item>
                        <item>Tous les éléments que vous avez supprimés ont-ils bien disparu&#xa0; ?
                            Alors c’est parfait &#xa0; ! Sinon, peut-être que vous avez oublié de
                            cliquer sur le bouton <ident>Save</ident> après les avoir inclus/exclus…
                            essayez de nouveau !</item>
                    </list>
                </p>
            </div>
            <div>
                <head>Comment limiter les valeurs de l’attribut <att>type</att> de l’élément
                        <gi>div</gi></head>
                <p>Nous avons vu qu’il peut être très utile de supprimer tel ou tel élément de notre
                    schéma. Que peut-on faire pour limiter les valeurs légales de ses attributs ?
                    (Notez qu’en général les attributs TEI sont définis de façon très permissive :
                    vous pouvez taper n’importe quoi). Supposons que nous désirons limiter les
                    valeurs possibles pour l’attribut <att>type</att> sur <gi>div</gi>.<list>
                        <item>Revenez dans Roma</item>
                        <item>Cliquez sur l’onglet <ident>Modules</ident></item>
                        <item>Cliquez sur le module <ident>textstructure</ident>
                        </item>
                        <item>Trouvez la ligne où est définie l’élément <gi>div</gi> et cliquez sur
                                <ident>Changer les Attributs</ident> tout à fait à droite.</item>
                        <item>Une table des attributs disponibles pour cet élément s’affiche alors.
                            Vous pouvez inclure ou exclure les attributs qui vous intéressent. Pour
                            le moment essayons quelque chose d’autre. </item>
                        <item>Descendez jusqu’à <att>type</att> et cliquez sur l’attribut. Une page
                            s’affiche maintenant, qui vous permet de vérifier plusieurs options pour
                            cet attribut&#xa0; : <list>
                                <item><hi>Facultatif&#xa0; ?</hi> Est-ce qu’il faut fournir une
                                    valeur pour cet attribut ou est-il facultatif&#xa0; ? Supposons
                                    que nous désirons un schéma dans lequel la présence d’une valeur
                                    de <att>type</att> sur <gi>div</gi> soit obligatoire&#xa0; :
                                    dans ce cas, sélectionnez <val>no</val>.</item>
                                <item><hi>Contenu&#xa0; :</hi> Combien de valeurs (une ou plusieurs)
                                    sont permises pour cet attribut, et de quel type (texte, numéro,
                                    date,…) ? Choisissons une seule valeur de type <val>text</val>. </item>
                                <item><hi>Valeur par défaut :</hi> nous permet de proposer une
                                    valeur par défaut pour l’attribut, dans le cas où aucune valeur
                                    n’est fournie dans le document. Laissez cela vide, puisque nous
                                    avons déjà décidé de rendre obligatoire la présence d’une
                                    valeur.</item>
                                <item><hi>Liste fermée :</hi> nous permet de préciser si la liste de
                                    valeurs proposées est une liste fixe impossible à augmenter ou
                                    non. Dans notre schéma, c’est une liste fermée, donc répondez
                                        <val>Yes</val>&#xa0; !</item>
                                <item><hi>Liste de valeurs&#xa0; :</hi> nous permet de spécifier les
                                    valeurs permises pour cet attribut dans notre schéma. Les
                                    valeurs sont proposées sous la forme d’une seule ligne, chaque
                                    valeur séparée par une virgule. Entrez donc la séquence suivante
                                        (<hi>sans blancs</hi>)
                                        <code>prose,vers,drama,chapitre,volume,autre,inconnu</code>.</item>
                                <item><hi>Description :</hi> nous permet de modifier la description
                                    de cet attribut. Vous pouvez la changer comme vous le
                                    souhaitez&#xa0; : par exemple, changer « n’importe quel système
                                    ou typologie de classification approprié » en « le système de
                                    classement proposé pour notre projet ».</item>
                            </list></item>
                        <item rend="bold">De nouveau, n’oubliez pas de cliquez sur le bouton
                                <ident>Save</ident> en bas de la page ! </item>
                    </list>
                </p>
            </div>
            <div>
                <head>Testons à nouveau notre schéma…</head>
                <p>Est-ce que nous avons réussi ? Vous connaissez maintenant la démarche… pour le vérifier :<list>
                        <item>Cliquez sur l’onglet <ident>Schéma</ident></item>
                        <item>Choisissez l’un des formats de schéma</item>
                        <item>Cliquez sur <ident>Générer</ident></item>
                        <item>Trouvez le fichier généré qui a été téléchargé ; copiez-le à la place
                            de l’ancienne version pour le remplacer</item>
                        <item rend="bold">Surtout, ne fermez pas votre Navigateur Internet !</item>
                        <item>Revenez dans votre fichier <ident>myTest.xml</ident> dans oXygen ;
                            choisissez <ident>Document -> Valider -> Validate</ident></item>
                        <item>Si tout va bien, votre document reste valide : il y a un petit carré
                            vert.</item>
                        <item>Maintenant il faut ajouter une <gi>div</gi>. Comme vous avez fait
                            précédemment, sélectionnez le premier <gi>p</gi> dans ce document, et
                            entourez-le d’une balise <gi>div</gi> en tapant CTRL-E.</item>
                        <item>Votre document n’est plus valide&#xa0; : un carré rouge s’affiche en
                            haut à droite&#xa0;! En bas vous voyez le message suivant :
                                <code>Element 'div' missing required attribute 'type'</code>
                        </item>
                        <item>Placez maintenant le curseur à l’intérieur de la balise ouvrante de la
                                <gi>div</gi>, juste avant le &gt; et tapez un espace. oXygen propose
                            alors une liste des attributs disponibles. Parcourez-la jusqu’à
                                <att>type</att> et notez que cet attribut s’affiche en gras pour
                            signaler que sa présence est requise.</item>
                        <item>Sélectionnez <att>type</att> et notez que oXygen vous propose la liste
                            des valeurs que nous avions prédéfinies dans notre schéma.</item>
                        <item>Choisissez parmi les valeurs proposées, par exemple
                                <code>prose</code>, et votre document redevient valide, en affichant
                            un petit carré vert.</item>
                    </list>
                </p>
            </div>
            <div>
                <head>Génération d’une documentation</head>
                <p>Tout projet nécessite une documentation interne, qui ne sera pas forcément
                    optimale si elle est en RelaxNG ! Roma vous permet de générer automatiquement
                    des spécifications compréhensibles, ressemblant à la doc de référence de la TEI.<list>
                        <item>Retournez dans votre navigateur et cliquez sur l’onglet
                                <ident>Documentation</ident>.</item>
                        <item>Choisissez <ident>HTML web page</ident> et cliquez sur
                                <ident>Générer</ident>.</item>
                        <item>Après un bref délai, votre navigateur va recevoir un fichier HTML que
                            vous pouvez lire avec le navigateur. Au début il y a une table des
                            matières, avec un lien pour chaque élément de votre schéma. Scrollez
                            jusqu’au lien pour <gi>div</gi> et cliquez dessus.</item>
                        <item>Remarquez que la description de son attribut <att>type</att> est
                            modifiée selon vos propositions. (Mais notez aussi que d’autres détails,
                            notamment les exemples d’usage, ne sont pas modifiés).</item>
                        <item>Si vous le préférez, vous pouvez également générer ce document en
                            format PDF.</item>
                    </list>
                </p>
            </div>
            <div>
                <head>Enregistrement de la personnalisation</head>
                <p>Nous espérons que vous aurez maintenant une idée des capacités de ce système de
                    personnalisation. Bien sûr, vous ne pouvez pas définir tout ce qui est le mieux
                    pour votre projet en une seule session. Vous avez donc besoin d’une façon
                    d’enregistrer la spécification, pour revenir dessus plus tard.<list>
                        <item>Revenez dans votre navigateur et cliquez sur l’onglet
                                <ident>Enregistrer</ident>.</item>
                        <item>Votre navigateur vous envoie cette fois un fichier XML-TEI, du même
                            nom que votre schéma, c’est-à-dire <ident>teiTranscr.xml</ident>.
                            Enregistrez ce fichier dans votre dossier <ident>Travaux</ident>.</item>
                        <item>Ouvrez maintenant ce fichier XML avec oXygen pour en prendre
                            connaissance (mais avec les balises&#xa0;: en mode Auteur il y a des
                            détails significatifs qui sont cachés&#xa0;!). </item>
                        <item>D’abord, notez que votre personnalisation hérite des propositions
                            relatives au schéma minimal duquel vous l’avez dérivé. Vous pouvez bien
                            sûr modifier ces propositions, en décrivant les objets de votre projet,
                            vos procédures éventuelles de définition de schéma, vos règles maison de
                            balisage, etc. etc. -- juste comme un manuel d’encodage
                            classique.</item>
                        <item>Ensuite, regardez l’élément <gi>schemaSpec</gi>. Cet élément contient
                            l’essentiel de votre personnalisation. Notez qu’il compte un élément
                                <gi>moduleRef</gi> pour chacun des modules que vous avez
                            sélectionnés, et que le module <ident>core</ident> est complété avec une
                            liste des éléments que vous avez exclus de ce module.</item>
                        <item>Regardez la spécification pour <gi>div</gi> (dans un élément
                                <gi>elementSpec</gi>) pour voir comment nous l’avons modifié.</item>
                        <item>Ce fichier est un document XML-TEI comme tous les autres. Vous pouvez
                            donc faire des modifications, par exemple au début, pour améliorer votre
                            manuel d’encodage. Pour recharger votre document dans Roma, il faut
                            choisir la quatrième option <ident>Open existing customisation</ident>
                            sur la page d’accueil de Roma. S’il vous reste du temps, expérimentez
                            cette option !</item>
                    </list>
                </p>
            </div>
       </body>
    </text>
</TEI>
