<?xml version="1.0" encoding="UTF-8"?>
<TEI xmlns="http://www.tei-c.org/ns/1.0">
  <teiHeader>
    <fileDesc>
      <titleStmt>
        <title>Le travail de l’éditeur, suite : encodage des notes ; balisage des entités nommées
          (et description de ces entités)</title>
      </titleStmt>
      <editionStmt>
        <edition>
          <date>décembre 2017</date>
        </edition>
      </editionStmt>
      <publicationStmt>
        <distributor><persName xml:id="FC">Florence Clavaud</persName> (Archives nationales et
          Centre Jean-Mabillon de l’Ecole nationale des chartes)</distributor>
        <availability>
          <p>Placé sous licence CC-BY</p>
        </availability>
        <date>2017-12-04</date>
      </publicationStmt>

      <sourceDesc>
        <p>Autres cours rédigés pour des interventions précédentes, notamment pour la formation
          donnée fin 2016 et début 2017 dans le cadre du séminaire PSL</p>
      </sourceDesc>



    </fileDesc>
    <encodingDesc>
      <projectDesc>
        <p>Document rédigé pour servir pendant une formation sur TEI; document retabli a partir de
          la version PDF d’un originel perdu</p>
      </projectDesc>
    </encodingDesc>
    <revisionDesc>
      <change when="2017-12">Relectures et modifications par Florence</change>
      <change when="2017-11-13">Encodage TEI retabli par Lou</change>
      <change when="2011-03">Première rédaction par Florence</change>
    </revisionDesc>
  </teiHeader>
  <text>
    <body>
      <!--<head>Formation à l’utilisation de TEI pour l’édition critique de manuscrits (École nationale
        des chartes, mars 2011) — Le travail de l’éditeur, suite : les notes, l’indexation</head>
      <p> Florence Clavaud (École nationale des chartes)</p>-->
      <div type="slide">
        <head>Introduction</head>
        <p> Après avoir établi le texte et fourni les premiers éléments de paratexte (une analyse,
          et la description du manuscrit), l’éditeur va enrichir le paratexte en ajoutant au fichier
          des notes (commentaires explicatifs, précisions sur le contexte...). Puis, si c’est utile
          pour le projet d’édition, il balisera diverses informations pour en préparer l’indexation
          ; certains des mots ou expressions indexés dans le corps de la transcription pourront être
          liés à des notices décrivant les "objets" indexés (personnes, lieux, organismes,
          événements...). </p>
      </div>
      <div type="slide">
        <head>Les notes</head>
        <p> On va parler ici des notes génériques, qui sont à distinguer des notes d’apparat
          critique, qu’on parle d’une édition critique imprimée ou d’une édition structurée en TEI.</p>
        <p>Habituellement, dans une édition imprimée, le texte des notes figure après la
          transcription, et un appel de note est posé dans le texte à l’endroit auquel la note est
          associée.</p>
        <p>Dans un fichier TEI, il y a deux manières d’encoder les notes :<list>
            <item>on peut encoder les notes directement à l’endroit où elles viennent expliciter ou
              contextualiser le texte établi ;</item>
            <item>on peut les encoder hors du texte, et poser des liens entre le texte et la note.
            </item>
          </list></p>
      </div>
      <div type="slide">
        <head>Encoder les notes dans le texte</head>
        <p> Un exemple suffira pour comprendre comment on procède (extrait simplifié de la première
          version de l’édition du <ref
            target="http://saint-denis.enc.sorbonne.fr/cartulaire/tome1/beaurain/acte5">chapitre de
            Beaurain du Cartulaire blanc de Saint-Denis, acte 5</ref>): <egXML
            xmlns="http://www.tei-c.org/ns/Examples"> [...] Universitati vestre notum facimus quod
            nos partem nostram foreste desuper <foreign xml:lang="fro">Ivete</foreign>
            <note n="1">Le nom se rapporte sans doute non au cours d’eau, mais au hameau d’Yvette,
              au bord de la rivière homonyme, sur la commune de Lévis-Saint-Nom (Yvelines, cant.
              Chevreuse).</note> et partem nostram de nemore [...] </egXML></p>
        <p> Cette solution est la plus simple et la plus rapide. Elle présente cependant quelques
          inconvénients, parmi lesquels :<list>
            <item>dans le cas où la même note devrait servir à plusieurs endroits, il faut en
              répéter le texte ;</item>
            <item>le texte de la note interrompt le texte transcrit, ce qui rend la relecture
              difficile par une personne (sauf si bien sûr on dispose de moyens appropriés pour
              cette relecture).</item>
          </list></p>
      </div>
      <div type="slide">
        <head>Encoder les notes hors du texte</head>
        <p>Pour travailler selon cette méthode, il faut : <list>
            <item> choisir un emplacement hors du texte pour l’encodage des notes. Cet emplacement
              peut par exemple être l’élément <gi>back</gi> qui suit l’élément <gi>body</gi> ; dans
                <gi>back</gi>, on va utiliser <gi>div</gi> ; </item>
            <item>encoder les notes à cet endroit, en utilisant pour chaque note un élément
                <gi>note</gi>. Puis affecter un identifiant (à l’aide de l’attribut
                <att>xml:id</att>) à l’élément <gi>note</gi> ;</item>
            <item>dans le texte, poser un élément <gi>ref</gi>, avec un attribut <att>target</att>
              qui va pointer vers la note concernée (la valeur de <att>target</att> est une chaîne
              de caractères constituée du dièse # et de l’identifiant de la note cible). </item>
          </list>Exemple (extrait du dernier état de l’édition du chapitre de Beaurain, même <ref
            target="http://saint-denis.enc.sorbonne.fr/cartulaire.html?chapitre=beaurain&amp;acte=5"
            >acte 5</ref>) : <egXML xmlns="http://www.tei-c.org/ns/Examples">
            <!--  dans la transcription  -->
            <p>Universitati vestre notum facimus quod nos partem nostram foreste desuper <foreign
                xml:lang="fro">Ivete</foreign>
              <ref type="note" n="1" target="#beaurain-acte5-n-1"/> et partem nostram de nemore
              [...]</p>
            <!--  plus loin, dans l’élément back  -->
            <div type="notes">
              <note xml:id="beaurain-acte5-n-1">Le nom se rapporte sans doute non au cours d’eau,
                mais au hameau d’Yvette, au bord de la rivière homonyme, sur la commune de
                Lévis-Saint-Nom (Yvelines, cant. Chevreuse).</note>
              <!--  autres notes  -->
            </div>
          </egXML>Cette méthode n’a pas les inconvénients de la première méthode, par contre elle
          est un peu plus compliquée à mettre en œuvre. </p>
        <p>On peut noter qu’avec cette méthode, rien n’empêche de préparer la création d’une, deux,
          trois (ou plus, en fait autant qu’on veut) couches d’annotation. </p>
      </div>
      <div type="slide">
        <head>Indexation d’entités nommées ou d’autres concepts</head>
        <p>Toute expression contenue dans un texte encodé en TEI, qu’il s’agisse d’une entité
          nommée, d’un nom commun, d’une date, d’une catégorie juridique, ou d’un autre segment
          d’information, peut retenir l’attention de l’éditeur scientifique. Il décidera alors de la
          baliser au moyen d’un élément approprié.</p>
        <p>Ce travail permettra, dans la page Web (ou la page imprimable) produite à partir du
          fichier XML, de formater de manière spécifique ces termes balisés. Il permettra surtout à
          un programme informatique de générer automatiquement un index de ces expressions. Dans
          certains cas, cet index pourra être rendu directement consultable (comme un index
          imprimé), ou encore il sera seulement utilisé à la recherche (une requête lancée depuis un
          formulaire retournera une liste des textes indexés avec la valeur saisie dans le
          formulaire). Voici une petite liste des principaux éléments disponibles pour faire un tel
          travail : <gi>name</gi> (pour tout nom propre), ou encore (éléments spécialisés)
            <gi>persName</gi>, <gi>geogName</gi>, <gi>placeName</gi>, <gi>orgName</gi> ;
            <gi>rs</gi>,<gi>term</gi>, <gi>date</gi>. La plupart de ces éléments contiennent des
          sous-éléments spécifiques (relatifs notamment aux segments qui les composent) ; à ce sujet
          voir la suite de cette présentation. Par ailleurs <gi>persName</gi> peut contenir
            <gi>placeName</gi> ou <gi>geogName</gi>, <gi>term</gi> et <gi>rs</gi> peuvent inclure
          des combinaisons de divers éléments. </p>
        <p>Bien sûr il pourra être utile, voire nécessaire, surtout dans le cas où le concept à
          baliser est inscrit dans le texte édité, donc sous une forme peut-être non normalisée,
          d’établir un lien depuis l’élément utilisé pour baliser le concept vers une liste
          d’autorité, vers un glossaire ou même vers une notice d’autorité. Ces liens seront établis
          au moyen d’attributs (<att>ref</att> et <att>key</att>). De tels référentiels pourront
          être localisés, soit dans le même fichier TEI, soit dans un autre fichier TEI, soit dans
          une ressource distante (application Web, base de données locale). En ce qui concerne la
          description des entités nommées (la production de notices d’autorité en TEI), voir les
          sections ci-après.</p>
        <p>Extrait de l’édition (en cours) d’un corpus de chartes médiévales (indexation, hors du
          texte transcrit, de la catégorie juridique d’acte): <egXML
            xmlns="http://www.tei-c.org/ns/Examples">
            <index>
              <term xml:lang="fre" type="natureJuridique" ref="typesActes.xml#bail">Bail sans aucune
                spécification</term>
              <term xml:lang="ita" type="natureJuridique" ref="typesActes.xml#bail">Locazione senza
                alcuna specificazione</term>
            </index>
          </egXML></p>
        <p>Extrait simplifié de l’édition des notes du notaire P. Christofle à Orléans en 1437 : <ref target="http://elec.enc.sorbonne.fr/christofle/notes/note-001.html">note 1 (1er janvier 1437)</ref>
          (indexation dans le texte de la note): <egXML xmlns="http://www.tei-c.org/ns/Examples">
            <p>Jehan Mignon et Belon sa femme, bourgois d’Orleans, ladicte femme deuement auctorisee
              etc., baillent a rente annuelle et perpetuelle pour touz jours a Mahiet Gauchier,
              paintre demourant a Orleans, qui a pris d’eulx pour lui, ses hoirs etc. ung jardin
              ouquel a ung poy de vignes et arbres, mouvens du propre heritaige de ladicte Belon,
              assis et seant leez l’eglise de <placeName ref="#l-0307">
                Saint Euvertre</placeName> d’Orleans en la rue appellee la <placeName
                  ref="#l-0090">rue du Cimetire aux Juifs</placeName> es
              foursbours d’Orleans [...]</p>
            <!--  plus loin, hors de la transcription  -->
            <listPlace>
              <!--  autres notices  -->
              <place xml:id="l-0090" corresp="#minute-001">
                <placeName>Cimetière-aux-Juifs (<term>rue</term>du)</placeName>
                <location>
                  <settlement type="commune">Orléans </settlement>
                </location>
              </place>
              <!--  autres notices  -->
              <place xml:id="l-0307"
                corresp="#minute-001 #minute-007 #minute-016 #minute-039 #minute-054 #minute-058 #minute-064 #minute-094 #minute-138 #minute-189 #minute-275 #minute-366">
                <placeName>Saint-Euverte (<term>église ou couvent</term>)</placeName>
                <location>
                  <settlement type="commune">Orléans</settlement>
                </location>
              </place>
              <!--  etc.  -->
            </listPlace>
          </egXML>
        </p>
      </div>
     
      <div type="slide">
        <head>Encodage des informations relatives aux personnes : principes de base</head>
        <p>Les Guidelines TEI fournissent des moyens étendus pour l’encodage de telles
          informations. Au départ ces dispositifs ont été conçus dans l’idée de satisfaire les
          besoins des prosopographes, mais n’importe quel projet TEI peut en avoir besoin.</p>
        <p>Les informations sur les personnes, à la base, sont regroupées au sein d’un élément
            <gi>person</gi>. Elles comprennent tout d’abord un élément spécialisé pour le nom de la
          personne, <gi>persName</gi>, et une série de déclarations relatives à : <list rend="gloss">

            <label>des traits</label>
            <item>les caractéristiques ou qualités d’un individu, qu’elles soient physiques, comme
              le sexe, la couleur des yeux, ou culturelles, comme l’appartenance ethnique ou la
              religion. Certains de ces traits sont susceptibles d’évoluer plus que d’autres au fil
              de la vie de l’individu. Cependant aucun, en principe, n’est immuable. </item>
            <label>des états</label>
            <item> ceci inclut, par exemple, le statut marital, le lieu de résidence, la position ou
              l’activité. De tels états ont normalement une durée de vie définie, i.e. un début et
              une fin. </item>
            <label>des événements</label>
            <item> les événements de la vie d’une personne tels que la naissance, le mariage ou
              l’emploi. De tels événements seront normalement associés avec une date spécifique ou
              avec une fourcherre de dates assez étroite. </item>
          </list></p>
        <p>Toutes ces informations sont susceptibles d’être documentées et datées, et reliées à d’autres
          informations de même nature ou d’autre nature.</p>
      </div>
     <!-- <div type="slide">
        <head>6. Traits, états et événements</head>
        <p> Il existe trois classes d’éléments, en cohérence avec la classification tripartite
          présentée ci- dessus. Chacune de ces classes contient un petit nombre d’éléments
          spécifiques pour les catégories d’information les plus courantes, et un élément plus
          générique pour les autres catégories d’informations définies par l’encodeur. Tous les
          éléments de ces trois classes appartiennent à la classe d’attributs
          <ident>datable</ident>, ce qui signifie qu’ils peuvent avoir les attributs<list>
            <item>
              <att>when</att> pour une date unique, </item>
            <item>
              <att>notBefore</att> et <att>notAfter</att>, pour indiquer la date la plus ancienne et
              la date la plus récente possibles (le <ident>terminus ad quem</ident> et
                <ident>terminus ante quem</ident>) pour un trait, un état ou un événement. </item>
          </list></p>
      </div>-->
      <div type="slide">
        <head>Encodage des informations relatives aux personnes : les traits et états</head>
        <!--<p>affiliation age education faith floruit langKnowledge nationality occupation persName persona residence sex socecStatus state trait</p>-->
        <p>Les éléments spécifiques suivants sont disponibles pour encoder des traits ou des états :<list>
          <item><gi>affiliation</gi>,</item>
          <item><gi>age</gi>,</item>
          <item><gi>education</gi>,</item>
          <item><gi>faith</gi>,</item>
          <item><gi>floruit</gi>,</item>
            <item>
              <gi>langKnowledge</gi></item>
                      <item>
              <gi>nationality</gi>, </item>
          <item><gi>occupation</gi>,</item>
          <item><gi>persName</gi>,</item>
          <item><gi>persona</gi>,</item>
          <item><gi>residence</gi>,</item>
          <item>
            <gi>sex</gi>
          </item>
       
            <item>
              <gi>socecStatus</gi> (“statut socio-économique”),</item>
          <item><gi>state</gi> et</item>
          <item><gi>trait</gi>.</item>
           
          </list></p>
        <p>Dans <gi>langKnowledge</gi> on peut utiliser soit des paragraphes soit des éléments
            <gi>langKnown</gi> ; ces deux sous-éléments peuvent avoir un attribut <att>tag</att> (ou
            <att>tags</att>), qui donne le code normalisé de la langue. L’élément <gi>langKnown</gi>
          possède aussi un attribut <att>level</att> pour préciser le niveau de compétence de la
          personne dans la langue concernée. On peut écrire: <egXML
            xmlns="http://www.tei-c.org/ns/Examples">
            <langKnowledge tags="fr wo en">
              <p>Speaks fluent Wolof and French. Some knowledge of English.</p>
            </langKnowledge> ou <langKnowledge>
              <langKnown level="fluent" tag="wo">Wolof</langKnown>
              <langKnown level="fluent" tag="fr">French</langKnown>
              <langKnown level="basic" tag="en">English</langKnown>
            </langKnowledge>
          </egXML>
        </p>
        <p>L’élément <gi>persona</gi> renvoie à la notion d’identité ou de personnalité d’une personne, qui est actuellement par ailleurs également représentée dans les versions les plus récentes des modèles de description bibliographique et archivistique.</p>
        <egXML xmlns="http://www.tei-c.org/ns/Examples">
          <person>
            <persona sex="M">
              <persName>Dr Henry Jekyll</persName>
            </persona>
            <persona sex="M">
              <persName>Edward Hyde</persName>
            </persona>
          </person>
        </egXML>
      
        <p>L’élément <gi>sex</gi> possède un attribut <att>value</att> qui doit contenir un code
          choisi dans la liste de valeurs donnée par la norme ISO 5218:1977, i.e. 1 pour masculin, 2
          pour féminin, 9 pour non applicable et 0 pour inconnu. <egXML
            xmlns="http://www.tei-c.org/ns/Examples">
            <sex value="2">féminin</sex>
          </egXML>
        </p>
        <p>Les éléments <gi>trait</gi> et <gi>state</gi> possèdent un attribut <att>type</att> et peuvent contenir un élément
            <gi>label</gi>, qui peut être utilisé pour fournir la dénomination (lisible par
          l’humain) du trait concerné, suivi par un élément <gi>desc</gi>; alternativement, la
          description du trait peut être donnée au moyen d’un ou plusieurs éléments <gi>p</gi>.
            <egXML xmlns="http://www.tei-c.org/ns/Examples">
            <trait type="ethnicity">
              <label>groupe ethnique</label>
              <desc>Albanais</desc>
            </trait>
          </egXML></p>
      </div>
      <div type="slide">
        <head>Encodage des informations relatives aux personnes : les traits et états, exemples</head>
        <p>Exemple simplifié, tiré de l’édition critique du Petit Thalamus de Montpellier (voir <ref target="http://thalamus.huma-num.fr/index-personnes/lettre-R.html#ARaynaut">l’index des personnes, Arnaud Rainaud</ref>):
          <egXML xmlns="http://www.tei-c.org/ns/Examples">
            <person xml:id="ARaynaut">
              <persName xml:lang="oci">
                <forename>Arnaud</forename>
                <surname>Rainaud</surname>
              </persName>
              <state type="sotzbayle">
                <desc><label>sous-baile</label> en <date>1358</date>, <date>1363</date></desc>
              </state>
              <state type="consol">
                <desc><label>consul</label> en <date>1378</date></desc>
              </state>
            </person>
          </egXML>
        </p>
        <p>Exemple plus complet de notice relative à une personne
          <egXML xmlns="http://www.tei-c.org/ns/Examples">
           
            <person xml:id="personBarbes">
              <persName>
                <surname>Barbès</surname>
                <forename>Armand</forename>
              </persName>
              <persName type="full">Barbès, Armand (1809-1870)</persName>
              <residence>
                <placeName>France</placeName>
              </residence>
              <birth when="1809">1809</birth>
              <death when="1870">1870</death>
              <note type="biography">Barbès est l’un des principaux dirigeants des sociétés secrètes
                républicaines sous la monarchie censitaire, notamment, la Société des droits de
                  l’homme, puis la Société des Saisons. Il participe à plusieurs
                insurrections, dont celle de <date when="1839">1839</date>. Il rompt avec
                Blanqui après l’échec de cette tentative
                de coup d’État, rupture dont l’influence se fait sentir à Belle-Île. Condamné par la
                Haute Cour de Bourges pour la journée
                du <date when="1848-05-15">15 mai 1848</date>, il est gracié en <date when="1854"
                  >1854</date>, suite à la divulgation publique d’une lettre adressée par lui à
                George Sand où il exprimait un patriotisme ardent au sujet de
                la guerre de Crimée. Cette grâce marque la fin de la carrière politique de Barbès, qui
                s’exile jusqu’à la fin de sa vie.</note>
              <idno type="refAuthoritiesBnF"
                >http://catalogue.bnf.fr/ark:/12148/cb12442989h/PUBLIC</idno>
              <idno type="ISNI">ISNI 0000 0000 6634 9636</idno>
              <note type="internalLink">Voir <persName ref="#personBlanqui">Blanqui, Louis Auguste</persName>.</note>
              <bibl xml:id="indexMaitron2_02" corresp="introduction.xml#maitron2"
                ><author><persName><surname>Maitron</surname></persName></author>,
                <title>Dictionnaire biographique du mouvement ouvrier, première partie...</title>,
                <biblScope type="vol">t. 1</biblScope>.</bibl>
            </person>
          </egXML>
        </p>
      </div>
      
        
     
      
      <div type="slide">
        <head>Encodage des informations relatives aux personnes : les éléments relatifs aux événements</head>
        <p>Les éléments relatifs aux événements incluent des éléments spécifiques pour la
          naissance (<gi>birth</gi>) et le décès (<gi>death</gi>), et un élément générique
          <gi>event</gi>. Ce dernier a le même modèle de contenu que <gi>state</gi> et
          <gi>trait</gi> et peut être utilisé pour décrire tout événement de la vie d’un individu.
          <egXML xmlns="http://www.tei-c.org/ns/Examples">
            <event type="marriage">
              <label>Marriage</label>
              <desc><date when="1859-04-26">26 April 1859</date>
                <name type="person" ref="#WM">William Morris</name> and Jane Burden were married at
                <name type="place">St Michael’s Church, Ship Street, Oxford</name> on <date
                  when="1859-04-26">26 April 1859</date>. The wedding was conducted by Morris’s
                friend <name type="person" ref="#RWD"> R. W. Dixon</name> with <name type="person"
                  ref="#CF"> Charles Faulkner</name> as the best man. The bride was given away by
                her father, <name type="person" ref="#RB">Robert Burden</name>. According to the
                account that <name type="person" ref="#EBJ">Burne-Jones</name> gave <name
                  type="person" ref="#JWM">Mackail</name>
                <q>M. said to Dixon beforehand <q>Mind you don’t call her Mary</q> but he did</q>.
                The entry in the Register reads: <q>William Morris, 25, Bachelor Gentleman, 13
                  George Street, son of William Morris decd. Gentleman. Jane Burden, minor,
                  spinster, 65 Holywell Street, d. of Robert Burden, Groom.</q> The witnesses were
                Jane’s parents and Faulkner. None of Morris’s family attended the ceremony. Morris
                presented Jane with a plain gold ring bearing the London hallmark for 1858. She gave
                her husband a double-handled antique silver cup.</desc>
              <bibl>J. W. Mackail, <title>The Life of William Morris</title>, 1899.</bibl>
            </event>
          </egXML></p>
      </div>
      <!--<div type="slide">
        <head>8. Les états</head>
        <p> La classe d’éléments utilisable pour les états contient les éléments :<list>
            <item>
              <gi>persName</gi>, </item>
            <item>
              <gi>occupation</gi>, </item>
            <item>
              <gi>residence</gi>, </item>
            <item>
              <gi>affiliation</gi>, </item>
            <item>
              <gi>education</gi> et </item>
            <item>
              <gi>floruit</gi>, pour spécifier pendant quelle période une personne donnée a été
              active (à notre connaissance), dans le cas où les dates exactes de naissance et de
              décès sont inconnues. </item>
          </list>
          <egXML xmlns="http://www.tei-c.org/ns/Examples">
            <floruit notBefore="1766" notAfter="1790">fl. 1766-1790</floruit>
          </egXML></p>-->
       <!-- <p> L’élément générique <gi>state</gi> a le même modèle de contenu que <gi>trait</gi>.
          L’exemple ci-après décrit le premier emploi occupé par le pasteur et poète islandais Jón
          Oddsson Hjaltalín: <egXML xmlns="http://www.tei-c.org/ns/Examples">
            <state type="office" from="1777-04-07" to="1780-07-12" xml:lang="en">
              <p>Jón’s first living, which he apparently accepted rather reluctantly, was at <name
                  type="place">Háls í Hamarsfirði</name>, <name type="place">Múlasýsla</name>, to
                which he was presented on 7 April 1777. He was ordained the following month and
                spent three years at Háls, but was never happy there, due largely to the general
                penury in which he was forced to live. In June of 1780 the bishop recommended that
                Jón should <q xml:lang="da">promoveres til andet bedre kald, end det hand hidindtil
                  har havt</q>, and on 12 July it was agreed that he should exchange livings with
                  <name type="person" key="#ThorJon"> sr. Þórður Jónsson</name> at <name
                  type="place">Kálfafell á Síðu</name>, <name type="place">Skaftafellssýsla</name>.
                  <bibl>ÞÍ, Stms I.15, p. 733.</bibl>
                <bibl>ÞÍ, Stms I.17, p. 102.</bibl></p>
            </state>
          </egXML></p>
      </div>-->
      <div type="slide">
        <head>Encodage des informations relatives aux personnes : les noms de personne</head>
        <p> L’élément <gi>persName</gi> est répétable et peut, comme tous les éléments TEI, avoir un
          attribut <att>xml:lang</att> pour indiquer la langue du contenu de l’élément, ce qui
          permet de donner le nom d’une personne en plusieurs langues: <egXML
            xmlns="http://www.tei-c.org/ns/Examples">
            <person xml:id="BecdCastelnou">
              <persName xml:lang="oci">
                <forename>Bec</forename>
                <nameLink>de</nameLink>
                <surname>Castelnou</surname>
              </persName>
              <persName xml:lang="fre" type="principal">
                <forename>Bégon</forename>
                <nameLink>de</nameLink>
                <surname>Castelnau-Calmont</surname>
              </persName>
              <occupation>évêque de Cahors</occupation>
              <death when="1388">1388</death>
            </person>
          </egXML>
        </p>
        <p>De nombreux sous-éléments sont disponibles dans <gi>persName</gi> pour encoder les
          différentes parties d’un nom de personne. </p>
        <list>
          <item><gi>surname </gi>(nom de famille) contient un nom de famille (hérité) par opposition à un nom donné, nom de baptême ou surnom</item>
          <item><gi>forename</gi>(prénom) contient un prénom</item>
          <item> <gi>roleName</gi> (rôle) contient un composant du nom d’une personne, indiquant que celle-ci a un rôle ou une position particulière dans la société, comme un titre ou un rang officiel</item>
         
          <item> <gi>addName</gi> (nom additionnel) contient une composante de nom additionnelle, comme un surnom, une épithète, un alias ou toute autre expression descriptive utilisée dans un nom de personne</item>
          <item> <gi>nameLink</gi> (lien entre les composants d’un nom) contient une particule ou une expression exprimant un lien, utilisés dans un nom mais considérés comme n’en faisant pas partie, comme "van der" ou "de"</item>
          <item><gi>genName</gi> (qualificatif générationnel de nom) contient une composante de nom utilisée pour distinguer des noms, par ailleurs similaires, sur la base de l’âge ou de la génération des personnes concernées.</item>
          
        </list>
      </div>
      
      <div type="slide">
        <head>Encodage des informations relatives aux personnes : les noms de personne, exemples</head>
        <p>Voici quelques exemples d’utilisation de <gi>persName</gi> dans des notices descriptives de personnes.</p>
        <p>Extrait de l’édition des minutes notariales de P. Christofle, notaire à
          Orléans, pour l’année 1437 : <egXML xmlns="http://www.tei-c.org/ns/Examples">
            <persName>
              <surname>Berche</surname>
              <nameLink>le</nameLink>
              <forename>Jean</forename>
              <addName type="nickname">l’aîné</addName>
            </persName>
          </egXML>
          
        </p>
        <p>
          Extrait de l’index des personnes dans l’édition du Petit Thalamus de Montpellier : <egXML xmlns="http://www.tei-c.org/ns/Examples">
          <person xml:id="AlphonseXSage">
            <idno type="ISNI">ISNI 0000 0001 2137 2039</idno>
            <idno type="BNF">http://data.bnf.fr/ark:/12148/cb11997785j#foaf:Person</idno>
            <persName xml:lang="fre" type="principal">
              <forename>Alphonse</forename>
              <genName>X</genName>
              <roleName type="king">roi de Castille et Léon</roleName>
            </persName>
            <birth when="1221">1221</birth>
            <death when="1284">1284</death>
          </person>
        </egXML></p>
      <!--  <p> Voici un autre exemple, dans lequel les attributs <att>type</att> et <gi>sort</gi> sont
          également présents. <egXML xmlns="http://www.tei-c.org/ns/Examples">
            <persName xml:lang="bg">
              <forename type="first" sort="2">######</forename>
              <forename type="middle" sort="3">##########</forename>
              <forename type="patronym" sort="4">########</forename>
              <surname sort="1">########</surname>
              <addName type="nick" xml:lang="bg">####</addName>
              <addName type="nick" xml:lang="en">Alex</addName>
            </persName>
          </egXML>
        </p>-->
      </div>
     
      <div type="slide">
        <head>Encodage des informations relatives aux personnes : utilisation de l’attribut @ref et de l’élément <gi>relation</gi></head>
        <p><!-- Dans notre exemple l’attribut <att>ref</att> posé sur chacun des éléments <gi>name</gi>
          permet de relier cet élément à un élément <gi>person</gi>, encodé ailleurs dans le
          fichier, qui décrit la personne concernée.-->Ci-dessous on voit qu’on peut, grâce à
          l’élément <gi>relation</gi> et à ses différents attributs, déclarer une relation
          spécifique entre plusieurs personnes en faisant référence aux éléments
            <gi>person</gi> décrivant ces personnes.</p>
        <egXML xmlns="http://www.tei-c.org/ns/Examples">
              <listRelation>
                <relation name="parent" active="#P1 #P2"
                  passive="#P3 #P4"/>
                <relation name="spouse" mutual="#P1 #P2"/>
                <relation type="social" name="employer"
                  active="#P1" passive="#P3 #P4"/>
              </listRelation>
          </egXML>
      </div>

      <div type="slide">
        <head>Encodage des informations relatives aux personnes : affectation de dates aux informations fournies</head>
        <p> Comme déjà indiqué, tous les éléments constitutifs de la description d’une personne, qu’ils soient spécifiques ou génériques, sont
          membres de la classe d’attributs <ident>datable</ident>, ce qui veut dire que leur contenu
          peut être daté, comme dans l’exemple ci-après, où l’on lit que la personne d’abord appelée
          David Jones a changé de nom en 1966 pour s’appeler David Bowie : <egXML
            xmlns="http://www.tei-c.org/ns/Examples"><person xml:id="DB">
              <persName notAfter="1966">David Jones</persName>
              <persName notBefore="1966">David Bowie</persName>
            </person>
          </egXML></p>
      </div>
      <div type="slide">
        <head>13. Déclaration du degré de certitude et de la responsabilité</head>
        <p> Tous les éléments génériques que nous avons vus sont aussi membres de la classe
            <ident>global.responsibility</ident>. Cette classe fournit les attributs <att>cert</att>, pour indiquer le
          niveau de certitude, <att>resp</att> pour indiquer le nom de l’entité responsable de
          l’information. D’autre part l’attribut <att>evidence</att> permet de préciser la nature de la preuve utilisée (interne, externe, conjecture).</p><p>Il
          est ainsi possible, dans le cas de sources multiples et non cohérentes, de fournir plus
          d’un point de vue sur ce qui est arrivé, comme dans l’exemple ci-après, où un lieu et une
          date de naissance différents ont été avancés pour le même individu par deux chercheurs,
          l’un étant considéré comme plus fiable que l’autre : <egXML
            xmlns="http://www.tei-c.org/ns/Examples">
            <event type="birth" resp="#Smith2005" cert="high">
              <p>Born in <name type="place">Brixton</name> on 8 January 1947.</p>
            </event>
            <event type="birth" resp="#Watson1996" cert="low">
              <p>Born in <name type="place">Berkhamsted</name> on 9 January 1947.</p>
            </event>
          </egXML>
        </p>
       <!-- <p> L’attribut <att>resp</att> peut aussi être utilisé pour distinguer des objets qui sont
          explicitement mentionnés dans la source de ceux qui, même s’ils n’y sont pas explicitement
          mentionnés, peuvent être déduits des informations disponibles, comme dans l’exemple
          ci-après, tiré d’un ensemble de données réunies par Sebastian Rahtz sur les personnes
          enterrées au cimetière protestant de Rome, sur la base des informations trouvées sur leurs
          tombes : <egXML xmlns="http://www.tei-c.org/ns/Examples"><person xml:id="WHH">
              <persName>
                <forename>Winchcombe</forename>
                <forename>Henry</forename>
                <surname>Hartley</surname>
              </persName>
              <sex value="1" resp="#SPQR"/>
              <birth notBefore="1773-02-22" notAfter="1774-02-21" resp="#SPQR"/>
              <death when="1847-02-21">21 February 1847</death>
              <residence>
                <placeName>Belvedere</placeName>, near <placeName>Bath</placeName>, <placeName>
                  <region>Somersetshire</region>
                </placeName>
              </residence>
              <nationality resp="#SPQR">British</nationality>
              <occupation>Judge of the Admiralty Court at the Cape of Good Hope</occupation>
              <occupation>Fellow of Merton College, Oxford</occupation>
            </person>
          </egXML></p>-->

      </div>
     
      <div type="slide">
        <head>Encodage des informations sur les collectivités</head>
<p>En ce qui concerne les collectivités, prises ici au sens large, on utilise l’élément <gi>org</gi> pour encoder les notices. Cet élément devrait normalement contenir au moins un élément <gi>orgName</gi> pour encoder le ou les noms de la collectivité. <gi>orgName</gi> peut contenir de nombreux sous-éléments, y compris <gi>orgName</gi>, <gi>persName</gi> et les éléments utilisés pour les noms de lieux. On peut aussi y trouver autant d’éléments <gi>trait</gi>, <gi>state</gi> et <gi>event</gi> que nécessaire, ainsi que l’élément <gi>desc</gi>.</p> 
        <p>Exemple (extrait simplifié des fichiers produits pour le projet Reliures de la BnF en 2012)
        <egXML xmlns="http://www.tei-c.org/ns/Examples">
          <org xml:id="FR-751131011_RELIURE_COL_00009" corresp="FR-751131011_RELIURE_NOT_00028.xml#c1">
            <orgName notBefore="1545-06" notAfter="1552-02">
              Atelier de Fontainebleau
            </orgName>
            <location>
              <settlement>Fontainebleau</settlement>
            </location>
            <desc>Atelier de reliure et dorure</desc>
        
            <note>Atelier dirigé par le relieur du roi, qui a mis en oeuvre le programme de reliures élaboré pour les nouvelles collections de la <orgName ref="#FR-751131011_RELIURE_COL_00008">Bibliothèque royale de
              Fontainebleau</orgName> et très probablement localisé sur place. Il s’est mis en place vraisemblablement à l’été 1545, avec pour premier dirigeant le relieur du roi en titre, <persName>Etienne
                Roffet</persName>. Celui-ci a été probablement dès le départ assisté par <persName>Gomar Estienne</persName>, aussi cité comme relieur du roi en novembre 1547. L’atelier produisit près de 640 reliures entre
              <date>1545 et 1522</date>, date à laquelle il semble cesser son activité, au seul profit de l’atelier parisien du relieur du roi (<bibl>
                <ref target="documentation.xml#FR-751131011_RELIURE_DOC_00055">Paris 1999, Reliures royales</ref>
              </bibl>
            </note>
          </org>
        </egXML></p>
        <p>Exemple tiré des fichiers accompagnant le schéma TEI du projet Testaments de Poilus (dans sa version actuelle) :
          <egXML xmlns="http://www.tei-c.org/ns/Examples">
            <org xml:id="o-0003" resp="#ML #JD #CN">
            <orgName type="fullIndexEntryForm"><orgName>France</orgName>. <orgName>Armée de terre</orgName>. <orgName>Régiment d’infanterie coloniale (<num>23</num>)</orgName>
            </orgName>
            <orgName type="proseForm">23<hi rend="superscript">e</hi> régiment d’infanterie coloniale</orgName>
            <orgName type="abbreviatedForm">23<hi  rend="superscript">e</hi> RIC</orgName>
            
            
            <bibl>Article <title level="a">23e régiment d’infanterie coloniale</title> de <title level="m">Wikipédia en français</title>. Contenu soumis à la licence CC-BY-SA 3.0.
              <ref type="uri">http://fr.wikipedia.org/wiki/23e_r%C3%A9giment_d%27infanterie_coloniale</ref></bibl>
          </org></egXML>
        </p>
      </div><div type="slide">
        <head>Encodage des informations sur les lieux</head>
        <p>Les mêmes possibilités existent pour le balisage des lieux géographiques, ce qui permet
          de normaliser ou d’uniformiser les références aux lieux, en les décrivant puis en
          associant ces descriptions avec une collection de textes balisés, par exemple des
          documents historiques balisés.</p>
        <p>Tout comme pour les personnes, les informations sur les lieux géographiques consistent en
          une série de déclarations concernant:<list>
            <item>des traits tels que le climat, la localisation, etc.. </item>
            <item>des états tels que la population, l’aire géographique, le statut administratif. </item>
            <item>des événements, comme les circonstances d’une fondation, de catastrophes naturelles ou causées
              par l’homme. </item>
          </list></p>
        <p>Et comme pour les déclarations relatives aux personnes, chacune de celles-ci doit pouvoir
          être documentée, être inscrite dans un cadre temporel et être reliée à d’autres de même
          nature ou d’autre nature. </p>
      </div>
      <div type="slide">
        <head>Encodage des informations sur les lieux : l’élément <gi>place</gi></head>
        <p>L’élément <gi>place</gi> possède un attribut <att>type</att> qui permet de caractériser
          brièvement le lieu, par exemlpe de dire qu’il s’agit d’une ville, d’une rue, d’un
          immeuble, d’un objet naturel tel qu’un lac ou une montagne, ou un lieu célèbre comme un
          champ de bataille. L’élément <gi>place</gi> contient:<list>
            <item>un ou plusieurs éléments <gi>placeName</gi>, chacun donnant un nom sous lequel le
              lieu est ou a été connu (les éléments TEI <gi>country</gi>, <gi>bloc</gi>,
                <gi>geogName</gi>, <gi>region</gi>, <gi>settlement</gi> et <gi>district</gi> sont des spécialisations
              de l’élément générique <gi>placeName</gi>, et peuvent être utilisés à la place de
                <gi>placeName</gi> ou dans <gi>placeName</gi>).</item>
            <item> un ou plusieurs éléments <gi>location</gi>, précisant la localisation physique du
              lieu, sous la forme, par exemple, d’un jeu de coordonnées géographiques, d’une
              adresse, ou de la mention de l’appartenance à une entité géo-politique. </item>
          </list></p>
      </div>
      <div type="slide">
        <head>Encodage des informations sur les lieux : où saisir un élément <gi>place</gi></head>
        <p> Les éléments <gi>place</gi> sont des enfants de <gi>listPlace</gi>, qui, comme
            <gi>listPerson</gi>, est le plus souvent placé dans l’en-tête TEI (dans
            <gi>sourceDesc</gi>), mais qui peut aussi apparaître à tout point du fichier où une
          liste ordinaire (un élément <gi>list</gi>peut aussi apparaître. <egXML
            xmlns="http://www.tei-c.org/ns/Examples">
           <listPlace>
            <place xml:id="l-0093">
              <placeName>Corroy</placeName>
              <location>
                <region type="departement">Loiret</region>
                <region type="canton">Saint-Jean-de-la-Ruelle</region>
                <settlement type="commune">Ormes</settlement>
              </location>
            </place>
            <place xml:id="l-0196">
              <placeName>Orléans</placeName>
              <location>
                <region type="departement">Loiret</region>
              </location>
              <place xml:id="d3e4180">
                <placeName>
                  <term>châtelet</term>
                </placeName>
              </place>
              <place xml:id="d3e4182">
                <placeName>
                  <term>duché</term>
                </placeName>
              </place>
              <place xml:id="d3e4184">
                <placeName>
                  <term>église</term>
                </placeName>
              </place>
            </place>
           </listPlace>
          </egXML>
        </p>
      </div>
      <div type="slide">
        <head>Encodage des informations sur les lieux : les traits et états</head>
        <p>Il existe, en plus d’un élément générique <gi>trait</gi>, des éléments spécialisés pour
          la population (<gi>population</gi>), le climat (<gi>climate</gi>) et le terrain
            (<gi>terrain</gi>). <egXML xmlns="http://www.tei-c.org/ns/Examples">
            <population when="2003">
              <desc>788,482</desc>
            </population>
            <climate>
              <p>Mediterranean climate, hot dry summers and autumns and relatively cold winters with
                heavy snowfalls inland.</p>
            </climate>
            <terrain>
              <p>Highly indented coastline with narrow coastal plain backed by rugged high limestone
                mountains and plateaux.</p>
            </terrain>
          </egXML>
        </p>
        <p>Les états sont traités grâcé à l’élément générique <gi>state</gi>. <egXML
          xmlns="http://www.tei-c.org/ns/Examples">
          <state type="legal" from="1983">
            <p>The Montenegrin part of the lake and its surrounding area were declared a national
              park in 1983. The park is one of the largest bird reserves in Europe, having 270
              bird species, among which are some of the last pelicans in Europe.</p>
          </state>
        </egXML>
        </p>
      </div>
    
      <div type="slide">
        <head>Encodage des informations sur les lieux : les événements</head>
        <p>On utilisera là aussi l’élément
          générique <gi>event</gi> qui peut être doté d’un attribut <att>type</att>: <egXML
            xmlns="http://www.tei-c.org/ns/Examples">
            <event type="political" when="2006-06-03">
              <head>Independence</head>
              <p>On <date when="2006-05-21">21 May 2006</date> a referendum was held in Montenegro
                on whether the state union with <name type="place" key="RS">Serbia</name> should be
                dissolved. A total of 419,240 votes were cast, of which 230,661 were for
                independence.</p>
              <p>Montenegro’s referendum commission officially confirmed the results of the
                referendum on <date when="2006-05-31">31 May</date>, verifying that 55.5% of the
                population had voted in favour of independence, narrowly surpassing the threshold
                requirement of 55% set by the <name type="org" key="EU">European Union</name>. The
                Montenegrin <name type="org" key="USRCG">Parliament</name> made a formal declaration
                of independence on <date when="2006-06-03">Saturday, 3 June</date>.</p>
            </event>
          </egXML></p>
        <p>Les valeurs des attributs <att>key</att> des éléments <gi>name</gi> établissent un lien
          vers d’autres éléments <gi>place</gi>, vers des éléments <gi>org</gi> ou <gi>person</gi>.
        </p>
      </div>
      <div type="slide">
        <head>Encodage des informations sur les lieux : exemples</head>
        <p><egXML xmlns="http://www.tei-c.org/ns/Examples">
          <place xml:id="marly">
            
            <placeName type="complete">Marly, château de</placeName>
            <location>
              <settlement type="commune">Marly-le-Roi</settlement>
              <region type="departement">Yvelines</region>
              <region>Ile-de-France</region>
              <country>France</country>
              <geo>48,85 -2,023</geo>
             
            </location>
            
            <desc>Le château de Marly (aujourd’hui Marly-le-Roi) a été bâti sur les
              plans de Jules Hardouin-Mansart pour Louis XIV entre 1679 et 1685. Au
              XVIIIe siècle, il fait partie du domaine royal de Versailles.</desc>
            <bibl>Voir la <ref
              target="http://fr.wikipedia.org/wiki/Ch%C3%A2teau_de_Marly">page
              relative au château dans Wikipédia</ref></bibl>
            
          </place>
          
        </egXML>
        <egXML xmlns="http://www.tei-c.org/ns/Examples">
          <place xml:id="pl-0009" type="city">
            <placeName when-iso="1793/1801">
            Bar sur Ornain
            </placeName>
            <placeName when-iso="1801/">
             Bar-le-Duc
            </placeName>
            <location>
              <region type="FrenchDepartement">Meuse</region>
              <region type="FrenchRegion">Alsace-Champagne-Ardenne-Lorraine</region>
              <country>France</country>
            </location>
            <location type="geographicalCoordinates">
              <geo>48.78333 5.16667</geo>
            </location>
            <idno type="GeonamesURI">http://sws.geonames.org/3034911/</idno>
          </place>
        </egXML></p>
      </div>
      <div type="slide">
        <head>Encodage de notices sur les événements</head>
        <p> Les événements, comme les personnes, les lieux - et les organismes -, peuvent être
          considérés comme des objets à décrire pour eux-mêmes. Dans ce cas, on utilisera l’élément
            <gi>listEvent</gi> pour englober une série d’éléments <gi>event</gi>. </p>
      </div>
     
    </body>
  </text>
</TEI>

