<?xml version="1.0"?>
<TEI xmlns="http://www.tei-c.org/ns/1.0" xmlns:rng="http://relaxng.org/ns/structure/1.0"
  xml:lang="fr">
  <teiHeader>
    <fileDesc>
      <titleStmt>
        <title>Introduction aux richesses de la TEI</title>
      </titleStmt>
      <editionStmt>
        <edition>
          <date>novembre 2017</date>
        </edition>
      </editionStmt>
      <publicationStmt>
        <distributor>Lou Burnard Consulting</distributor>
        <availability>
          <p>Freely available for use and derivative works under a Creative Commons Attribution license.</p>
        </availability>
        <date>2012-01-24</date>
      </publicationStmt>

      <sourceDesc>
        <p>Various previous talks, TEI Guidelines, etc.</p>
      </sourceDesc>
    </fileDesc>
    <revisionDesc>
      <change who="#LB" when="2017-11">Topped and tailed for Tours, and Archives</change>
      <change who="#EC" when="2017-10">Relecture et mise à jour pour la formation de l’ENC</change>
      <change when="2015-01-15">As used for Tours formation </change>
    </revisionDesc>
  </teiHeader>
  <text>
   <!-- <front>
      <titlePage xml:lang="fr">
        <titlePart>03 – Introduction aux richesses de la TEI</titlePart>
        <docImprint>Formation TEI | ENC 16 au 20 octobre 2017</docImprint>
        <note><ref target="00-programme.html">Programme</ref></note>
      </titlePage>
    </front>-->
    <body>
      
    <!--  <div>
        <head>Par exemple</head>
        <figure>
          <graphic url="../../tei-fr/Talks/Graphics/duBellay-bit.png" height="70%"/>
        </figure>
        <p rend="box">Qu'est ce qu'on balisera?</p>
      </div>
      <div rend="slide">
        <head>Balisage du mise en evidence</head>
        <figure>
          <graphic url="../../tei-fr/Talks/Graphics/duBellay-bitty.png"/>
        </figure>
        <cb/>
        <egXML xmlns="http://www.tei-c.org/ns/Examples"><pb n="4"/>A MONSEI-
          <lb/>GNEUR LE REVE-
          <lb/>rendissime Cardinal
          <lb/>du Bellay.
          <lb/>S
          <lb/><c rend="lettrine">V</c>EV le Personnaige,
          <lb/>que tu ioues au Specta-
          <lb/>cle de toute l'Europe...</egXML>
      </div>
      <div rend="slide">
        <head>Balisage de structure</head>
        <figure>
          <graphic url="../../tei-fr/Talks/Graphics/duBellay-bitty.png"/>
        </figure>
        <cb/>
        <egXML xmlns="http://www.tei-c.org/ns/Examples"><div type="dedicace">
          <head>A MONSEIGNEUR LE REVERENDISSIME CARDINAL DU BELLAY</head>
          <salute>S<ex>ire</ex></salute>
          <p><c rend="lettrine">V</c>EU le Personnaige, que tu joues au Spectacle de toute
            l'Europe... </p>...</div></egXML>
      </div>
      <div>
        <head>Mais on peut aller plus loin... </head>
        <egXML xmlns="http://www.tei-c.org/ns/Examples"><pb n="4"/>
          <s><w pos="PPJ" lemma="voir">VEU</w>
            <w pos="ART" lemma="le">le</w>
            <w pos="SBC" lemma="personnage">Personnaige</w>
            <pc>,</pc>
            <w pos="COO" lemma="que">que</w> ...</s>
        </egXML>
        <p>ou bien</p>
        <egXML xmlns="http://www.tei-c.org/ns/Examples">
          <s><choice><reg>Vu</reg><orig>Veu</orig></choice> le
            <choice><reg>Personnage</reg><orig>Personnaige</orig></choice>, que tu joues au
            Spectacle...</s>
        </egXML>
      </div>
      <div>
        <head>à ne rien dire de ... </head>
        <egXML xmlns="http://www.tei-c.org/ns/Examples">
          <head> A MONSEIGNEUR LE REVERENDISSIME <persName ref="#dubellay03">CARDINAL DU
            BELLAY</persName></head>
          <!-\- .... -\->
          <person xml:id="dubellay03">
            <persName>Jean du Bellay</persName>
            <birth><date>1492</date>
              <placeName>Souday</placeName></birth>
            <death><date when="15600216">16 February 1560</date>
              <placeName>Roma</placeName></death>
            <!-\- ... -\->
          </person></egXML>
      </div>
      
      
      
-->      
      <!-- d’abord un peu de contextualisation -->
      <div type="slide">
        <head>Les Cinq Étapes du chemin de l’Éveil TEI</head>
        <list type="ordered">
          <item>Modélisation : quels sont les buts et les objets de votre projet ?</item>
          <item>Orientation : est-ce que vos objets sont déjà reconnus par la TEI ?</item>
          <item>Déclaration : comment créer une spécification TEI-conforme ? </item>
          <item>Documentation : comment documenter vos pratiques TEI ?</item>
          <item>Validation : comment valider vos efforts ?</item>
        </list>
      </div>
      <div type="slide">
        <head>Modélisation</head>
        <p>La modélisation de vos données est une préalable essentiel. Que vous vous serviez de UML, de RDBMS, de SKOS, ou de quoique ça soit d’autre, si vous n’avez pas un modèle explicite des choses que vous espérez gérer, vous aurez de grands difficultés.</p>
        <figure>
          <graphic url="../../tei-fr/Talks/Graphics/tree-image.jpg" width="90%"/>
        </figure>
      </div>

      <div type="slide">
        <head>Orientation</head>
        <figure>
          <graphic url="../../tei-fr/Talks/Graphics/sweeties.jpg"/>
        </figure>
      </div>
      
      <div type="slide">
        <head>Comment s’orienter ?</head>
        <p>Les <title>TEI Guidelines</title>, imprimées ou en ligne, se divisent en deux grandes parties : <list>
            <item>une séquence de 23 chapitres, dont la plupart correspondent à un module</item>
            <item>des listes alphabétiques de définitions exhaustives de classes (183), d’éléments (546), d’attributs (470), de macros(8), et de types de données (28).</item>
          </list>
        </p>
        <p rend="box">Comment savoir quel élément (etc.) choisir pour telle ou telle entité identifiée dans votre analyse préalable ? Comment savoir que vous avez besoin d’une <soCalled>licorne</soCalled> ? </p>
      </div>
      
      <div type="slide">
        <head>La triste vérité…</head>
        <list>
          <item>Désolé, mais il n’y a aucune méthode scientifique ; aucun raccourci pour cela… </item>
          <item>Il faut étudier les exemplaires et les définitions pour savoir si cet élément TEI si prometteur s’applique en effet à votre cas</item>
          <item>comme c’est le cas pour d’autres types de mapping… </item>
        </list>
        <p>Pour chacun(e) des entités/concepts identifiés dans votre modèle, il faut décider : <list>
            <item>quel objet TEI lui correspond parfaitement ? (s’il existe)</item>
            <item>quel objet TEI lui ressemble et quelles petites modifications seraient nécessaires pour qu’il lui corresponde ?</item>
            <item>quelle lacune TEI votre analyse vous permettra de corriger (oui, elles existent les licornes !)</item>
          </list></p>
      </div>
      
      <div type="slide">
        <head>Un exemple simple…</head>
     <figure>
          <graphic url="../../tei-fr/Talks/Graphics/guyDeWarwick-tp.jpg" height="98%"/>
        </figure>
        <cb/>
        <figure>
          <graphic url="../../tei-fr/Talks/Graphics/guyDeWarwick-15.jpg" height="89%"/>
        </figure><!---\->
        <figure>
          <graphic url="../../tei-fr/Talks/Graphics/guy-1.png" height="89%"/>
        </figure>-->
      </div>
      <!-- add something about testaments here? -->
      
      <div type="slide">
        <head>Structuration</head>
        <list>
          <item>C’est un livret de la bibliothèque bleue – un <soCalled>chapbook</soCalled>– organisé de manière traditionnelle, avec des pièces liminaires (une page de titre, une table des matières) et plusieurs chapitres </item>
          <item>chacun des chapitres contient :<list>
              <item>un titre et un sommaire</item>
              <item>des paragraphes narratifs</item>
              <item>des passages de dialogue</item>
              <item>des noms de lieux, noms de personnes, noms d’événements, etc.</item>
            </list></item>
          <item>chaque page est dotée de matières paratextuelles (signatures, etc.)</item>
          <item>Et plusieurs images</item>
        </list>
      </div>
      
      <div type="slide">
        <head>L’édition numérique : en pratique</head>
        <p>On fait une édition numérique à partir des composants suivants : </p>
        <list>
          <item>un ensemble d’images numériques, chacun représentant une page d’une ressource </item>
          <item>une transcription plus ou moins complète du texte qui figure sur ces pages</item>
          <item>des métadonnées concernant les ressources numérisées, par ex. leur relation, leur origine etc.</item>
          <item>des métadonnées concernant la manière de sa numérisation</item>
          <item>des annotations plus ou moins riches sur les entités référencées par les textes, la langue des textes, etc</item>
        </list>
        <p rend="box">Le système TEI nous propose plusieurs manières d’organiser tout cela</p>
      </div>
      <div type="slide">
        <head>Structures TEI pour la transcription des sources</head>
        <list>
          <item><gi>facsimile</gi> : regroupe un ensemble d’images représentant les pages (<foreign>vel sim</foreign>) d’une ressource</item>
          
          <item><gi>text</gi> : rassemble une lecture structurée du contenu intellectuel d’un document (ou en ensemble des documents) i.e. son <q>texte</q>
          </item>
          
          <item><gi>sourceDoc</gi> : transcription quasiment objective des aspects physique d’un document </item>
          <item><gi>teiHeader</gi> : rassemble les métadonnées qui décrivent les objets traités et les méthodes d’encodage concernées </item>
        </list>
        <p rend="box">Un élément <gi>TEI</gi> (un document) contient au minimum un <gi>teiHeader</gi>, suivi d’un ou plusieurs des autres possibilités</p>
      </div>
      <div type="slide">
        <head>Un seul document TEI peut donc rassembler...</head>
        <list>
          <item>un ensemble de représentations visuelles (<gi>facsimile</gi>)</item>
          <item>ou une transcription textuelle (<gi>text</gi>) </item>
          <item>ou une transcription documentaire (<gi>sourceDoc</gi>) </item>
          <item>ou ces trois types d’objet conjointement</item>
        </list>
        <egXML xmlns="http://www.tei-c.org/ns/Examples" rend="teeny">
          <TEI>
            <teiHeader><!-- obligatoire :  métadonnées  --></teiHeader>
            <facsimile>
              <!-- facultatif :  rassemble des images de l’objet-->
            </facsimile>
            <sourceDoc>
              <!-- facultatif :  transcription documentaire  de l’objet -->
            </sourceDoc>
            <text><!-- facultatif :  transcription textuelle  de l’objet --></text>
          </TEI>
        </egXML>
      </div>
      <div type="slide">
        <head>Un TEI Corpus est aussi possible...</head>
        <p>
          <egXML xmlns="http://www.tei-c.org/ns/Examples">
            <teiCorpus>
              <teiHeader>
                <!-- obligatoire -->
              </teiHeader>
              <TEI>
                <!-- obligatoire -->
              </TEI>
              <!-- encore d’elements <TEI>  -->
            </teiCorpus>
          </egXML>
        </p>
        <p rend="box">Cette structure servirait par ex à une collection de livres de la meme
          sorte, ou à une archive de documents independents</p>
      </div>
      
      <div type="slide">
        <head>Structure(s) d’un document XML-TEI</head>
        <list>
          <item>Chaque document TEI est représenté par un élément <gi>TEI</gi>, regroupant le contenu d’un document avec un entête de métadonnées (<gi>teiHeader</gi>) qui le décrivent</item>
          <item>On peut également regrouper des <gi>TEI</gi> dans un <gi>teiCorpus</gi></item>
        </list>
        <p rend="box"> Le terme <term rend="it"
          >document </term> n’a aucune définition formelle, mais d’habitude il correspond à un objet complet (un livre par ex). D’autres possibilités ne sont pas exclus…</p>
      </div>

     
     <div type="slide">
        <head>L’entête TEI</head>
        <p>Inspiré de la pratique AACR2, il contient quatre éléments principaux </p>
        <list type="ordered">
          <item><gi>fileDesc</gi>: une description bibliographique de la ressource et de ses
            origines</item>
          <item><gi>encodingDesc</gi>: une description du rapport entre la ressource et la source
            (ou les sources) dont elle dérive</item>
          <item><gi>profileDesc</gi>: des informations supplémentaires (non bibliographiques) sur la
            ressource, par ex. les langues, les participants, les thèmes...</item>
          <item><gi>revisionDesc</gi>: sommaire de l’historique des modifications de la ressource
          </item>
        </list>
        <p rend="box">tous facultatifs, sauf le premier</p>
      </div>
  
      <div type="slide">
        <head>L’entête minimale</head>
        <p>
          <egXML xmlns="http://www.tei-c.org/ns/Examples">
            <teiHeader>
              <fileDesc>
                <titleStmt>
                  <title>titre de la ressource</title>
                </titleStmt>
                <publicationStmt>
                  <p>agence de distribution de la source</p>
                </publicationStmt>
                <sourceDesc>
                  <p>provenance de la source</p>
                </sourceDesc>
              </fileDesc>
            </teiHeader>
          </egXML>
        </p>
      </div>
      <div type="slide">
        <head>L’élément <gi>text</gi></head>
        <p> Un texte peut être simple ou complexe : <list>
            <item>un <gi>text</gi> simple est un objet autonome, en lui-même complet, par ex un roman, un poème </item>
            <item>un <gi>text</gi> complexe ou composé, rassemble d’autres textes, par exemple une anthologie, une collection de poésies</item>
          </list>
        </p>
      </div>
      <div type="slide">
        <head>TEI text structure (1)</head>
        <p>Un document simple : <egXML xmlns="http://www.tei-c.org/ns/Examples">
            <text>
              <front><!-- facultatif --></front>
              <body><!-- obligatoire --></body>
              <back><!-- facultatif --></back>
            </text>
          </egXML>
        </p>
      </div>
      <div type="slide">
        <head>TEI text structure (2)</head>
        <p>Un document composé : <egXML xmlns="http://www.tei-c.org/ns/Examples">
<text>
  <front><!-- ... --></front>
  <group>
    <text n="1">
      <body>
        <p>...</p>
      </body>
    </text>
    <text n="2">
      <body>
        <p>...</p>
      </body>
    </text>
  </group>
  <back><!-- ... --></back>
</text>
</egXML>
        </p>
      </div>
      <div type="slide">
        <head>Entrons dans le <gi>body</gi> d’un <gi>text</gi>… </head>
        <p>D’habitude, on y trouve des <term>divisions</term>
          <list type="unordered">
            <item>qui s’emboîtent</item>
            <item>l’attribut <att>type</att> sert à distinguer les divisions par fonction ou par niveau </item>
            <item>l’attribut <att>n</att> fournit un nom ou un nombre pour une division déjà numérotée d’une manière quelconque</item>
            <item>l’attribut <att>xml:id</att> fournit une identifiant unique </item>
            <item>l’attribut <att>xml:lang</att> identifie la langue (humaine) du contenu de la division</item>
          </list>
        </p>
        <p rend="box"
          >Ces deux derniers sont deux des attributs dits <term>globaux</term> qui peuvent s’attacher à n’importe quel élément TEI</p>
      </div>
    <!--  <div type="slide">
        <head>Composants des divisions</head>
        <p>Nous reconnaissons facilement… </p>
        <list>
          <item>éléments liminaux spécialisés : <gi>head</gi>, <gi>trailer</gi>, etc.</item>
          <item>en prose : les <gi>p</gi>, <gi>list</gi> etc. </item>
          <item>en poésie : les <gi>lg</gi>, <gi>l</gi> … </item>
          <item>en drame : les <gi>sp</gi>, <gi>stage</gi> etc.</item>
          <item>partout : les <gi>note</gi>, les <gi>bibl</gi>, les <gi>figure</gi> … </item>
        </list>
      </div>-->
      
    
      <div type="slide">
        <head>Composants des divisions</head>
        <p>Qu’est-ce qu’on trouve dans une division ? <list type="unordered">
            <item>Un ou plusieurs titres (au début et/ou à la fin), balisés avec <gi>head</gi> ou <gi>trailer</gi></item>
            <item>de la prose, divisée en paragraphes (<gi>p</gi>) ou listes (<gi>list</gi>) contenant des <gi>item</gi> et facultativement des <gi>label</gi>
            </item>
            <item>de la poésie, divisée en vers (<gi>l</gi>), facultativement regroupés en strophes (<gi>lg</gi>)</item>
            <item>des dialogues divisés en énoncés (<gi>sp</gi>), contenant une mélange de <gi>p</gi> ou de <gi>l</gi> facultativement entrecoupée de didascalies (<gi>stage</gi>)</item>
          </list>
        </p>
        <p rend="box">… et bien sûr des sous-divisions</p>
      </div>
      <div type="slide">
        <head>Exemple prosaïque… </head>
        <egXML xmlns="http://www.tei-c.org/ns/Examples" corresp="#fr-ex-Flaubert_Sal">
          <div n="1">
            <head>La Fête</head>
            <p>C’était à Mégara, faubourg de Carthage, dans les jardins d’Hamilcar.</p>
            <p>Les soldats qu’il avait commandés en Sicile se donnaient un grand festin pour célébrer le jour anniversaire de la bataille d’Eryx, et comme le maître était absent et qu’ils se trouvaient nombreux, ils mangeaient et ils buvaient en pleine liberté.</p>
            <!-- … -->
          </div>
        </egXML>
      </div>
      <div type="slide">
        <head>Exemple poétique </head>
        <egXML xmlns="http://www.tei-c.org/ns/Examples" corresp="#fr-ex-Baudelaire-chats"
          rend="tiny">
<div type="sonnet">
  <lg type="quatrain">
    <l>Les amoureux fervents et les savants austères</l>
    <l>Aiment également, dans leur mûre saison,</l>
    <l>Les chats puissants et doux, orgueil de la maison,</l>
    <l>Qui comme eux sont frileux et comme eux sédentaires.</l>
  </lg>
  <lg type="quatrain">
    <l>Amis de la science et de la volupté</l>
    <l>Ils cherchent le silence et l’horreur des ténèbres ;</l>
    <l>L’Érèbe les eût pris pour ses coursiers funèbres,</l>
    <l>S’ils pouvaient au servage incliner leur fierté.</l>
  </lg>
  <lg type="tercet">
    <l>Ils prennent en songeant les nobles attitudes</l>
    <l>Des grands sphinx allongés au fond des solitudes,</l>
    <l>Qui semblent s’endormir dans un rêve sans fin ;</l>
  </lg>
  <lg type="tercet">
    <l>Leurs reins féconds sont pleins d’étincelles magiques,</l>
    <l>Et des parcelles d’or, ainsi qu’un sable fin,</l>
    <l>Étoilent vaguement leurs prunelles mystiques.</l>
  </lg>
</div>
</egXML>
      </div>
      <div type="slide">
        <head>Exemples dramatiques (1) </head>
        <egXML rend="tiny" xmlns="http://www.tei-c.org/ns/Examples">
<sp who="#V">
  <speaker>Vladimir</speaker>
    <p>Relève ton pantalon.</p>
</sp>
<sp who="#E">
  <speaker>Estragon</speaker>
  <p>Que j’enlève mon pantalon ?</p>
</sp>
<sp who="#V">
  <speaker>Vladimir</speaker>
  <p><emph>RE</emph>lève ton pantalon.</p>
</sp>
<sp who="#E">
  <speaker>Estragon</speaker>
  <p>C’est vrai. </p>
  <stage>Il relève son pantalon. Silence.</stage>
</sp>
<sp who="#V">
  <speaker>Vladimir</speaker>
  <p>Alors, on y va ?</p>
</sp>
<sp who="#E">
  <speaker>Estragon</speaker>
  <p>Allons-y.</p>
</sp>
<stage>Ils ne bougent pas.</stage>
<list type="speakers">
  <item xml:id="V">Vladimir</item>
  <item xml:id="E">Estragon</item>
</list></egXML>
      </div>
      <div type="slide">
        <head>Exemples dramatiques (2)</head>
        <egXML rend="tiny" xmlns="http://www.tei-c.org/ns/Examples">
<sp>
  <speaker>Alceste.</speaker>
    <l>Non : j’ ai résolu de n’ en pas faire un pas.</l>
    <l part="I">J’ ai tort, ou j’ ai raison.</l>
</sp>
<sp>
  <speaker>Philinte.</speaker>
    <l part="F">Ne vous y fiez pas.</l>
</sp>
<sp>
  <speaker>Alceste.</speaker>
    <l part="I">Je ne remuerai point.</l>
</sp>
<sp>
  <speaker>Philinte.</speaker>
    <l part="F">Votre partie est forte,</l>
    <l part="I">et peut, par sa cabale, entraîner...</l>
</sp>
<sp>
  <speaker>Alceste.</speaker>
    <l part="F">Il n’ importe.</l>
</sp>
<sp>
  <speaker>Philinte.</speaker>
    <l part="I">Vous vous tromperez.</l>
</sp>
<sp>
  <speaker>Alceste.</speaker>
    <l part="F">Soit. J’ en veux voir le suite.</l>
</sp></egXML>
      </div>
      
     
      <div type="slide">
        <head>Composants textuels typiques</head>
        <list type="ordered">
          <item>des séquences de mots qui sont (par convention) mises en évidence, par exemple pour leur donner une emphase, parce qu’ils sont en langue étranger, ou cités etc, </item>
          <item> des mots qui pourraient être d’intérêt non-lexicale &#x201C;data-like&#x201D; (des noms de lieu ou de personne, des dates, des chiffres… )</item>
          <item> des indications d’interventions éditoriales (corrections, normalisations, ajouts, ratures…)</item>
          <item> des références et des liens</item>
          <item>listes, notes, annotations, graphies, tables, citations bibliographiques…</item>
          <item>indications de structuration dans une autre hiérarchie, par exemple frontières de
            pages</item>
        </list>
        <p rend="box">TEI fournit des balises pour toutes ces choses : mais il faut faire une choix,
          selon les objectifs de son projet</p>
      </div>
     
      <div type="slide">
        <head>Composants des composants des divisions</head>
        <p>Distinguons les traits balisables en …</p>
        <list>
          <item>éléments de repérage : les <gi>lb</gi>, <gi>pb</gi> etc.</item>
          <item>éléments et attributs de mise-en-forme : <gi>hi</gi>, <att>rend</att>, <att>rendition</att> etc.</item>
          <item>éléments sémantiques : <gi>date</gi>, <gi>name</gi>, <gi>placeName</gi> etc.</item>
          <item>éléments para-textuels : <gi>sic</gi>, <gi>corr</gi>, <gi>add</gi> etc.</item>
          <item>etc., etc., etc.</item>
        </list>
      </div>
      
      
      <div  type="slide">
        <head>La mise en évidence et son interprétation</head>
        <p>On voit une partie en italique ou en petites capitales : et on se demande pourquoi… par exemple :</p>
        <figure>
          <graphic width="80%" url="../../tei-fr/Talks/Graphics/prevert.png"/>
        </figure>
      </div>
      <div type="slide">
        <head>La mise en évidence, et son interprétation - 1</head>
        <p>Plusieurs politiques sont envisageables : <list>
            <item> on signale la présence d’une mise en évidence sans distinction particulière avec <gi>hi</gi> (highlighted : distinction typographique) <egXML
                rend="tiny" xmlns="http://www.tei-c.org/ns/Examples">
                <p>... mais Prévert pense que la <hi>parole</hi> convainc, et il continue « <hi>mais la brûlure de son regard Les rappelle à de bons sentiments</hi> », plus prompts à l’accord que les gens du <hi>Dîner de Têtes</hi>, ...</p>
              </egXML>
            </item>
            <item> on essaie de distinguer l’ <hi>objectif sémantique</hi> de ces mises en évidence : dans le cas présent, il y a un <gi>emph</gi> (emphase linguistique), une <gi>quote</gi> (citation) et un <gi>title</gi> (titre) : <egXML
                rend="tiny" xmlns="http://www.tei-c.org/ns/Examples">
                <p>… mais Prévert pense que la <emph>parole</emph> convainc, et il continue « <quote>mais la brûlure de son regard Les rappelle à de bons sentiments</quote> », plus prompts à l’accord que les gens du <title>Dîner de Têtes</title>, …</p>
              </egXML></item>
          </list>
        </p>
      </div>
      <div  type="slide">
        <head>La mise en évidence et son interprétation - 2</head>
        <p>
          <list>
            <item> on peut combiner ces deux niveaux de description… <egXML rend="tiny"
                xmlns="http://www.tei-c.org/ns/Examples">
                <p>… mais Prévert pense que la <emph rend="italic"
                    >parole</emph> convainc, et il continue « <q rend="italic"
                    >mais la brûlure de son regard Les rappelle à de bons sentiments</q> », plus prompts à l’accord que les gens du <title
                    rend="italic">Dîner de Têtes</title>, …</p>
              </egXML>
            </item>
            <item>Les valeurs possibles de l’attribut <att>rend</att> sont à définir pour chaque projet.</item>
            <item>Des attributs complémentaires <att>style</att> ou <att>rendition</att> permettent l’usage des systèmes déjà standardisés, notamment le CSS.</item>
          </list></p>
      </div>
      <div type="slide">
        <head>Phrases en langues étrangères </head>
        <list type="unordered">
          <item>L’attribut <att>xml:lang</att> peut s’attacher à tout élément TEI</item>
          <item>L’élément <gi>foreign</gi> est disponible s’il n’y a pas d’autre sémantique à signaler</item>
          <item>La langue est identifiée par son code normalisé ISO </item>
        </list>
        <egXML xmlns="http://www.tei-c.org/ns/Examples"> As-tu lu <title xml:lang="de"
            >Die Dreigroschenoper </title>? </egXML>
        <egXML xmlns="http://www.tei-c.org/ns/Examples"> Tout d’un coup il exclame <foreign
            xml:lang="de"> himmel ! </foreign>
        </egXML>
      </div>
      <div type="slide">
        <head>Noms de lieux et de personnes</head>
        <p>La balise <gi>rs</gi> (referring string) est très générique : <egXML
            xmlns="http://www.tei-c.org/ns/Examples" rend="tiny">
            <p>Le premier dîner que <rs type="person"
                >M. de Norpois</rs> fit à la maison, une année où je jouais encore aux <rs
                type="place"
                >Champs-Élysées</rs>, est resté dans ma mémoire, parce que l’après-midi de ce même jour fut celui où j’allai enfin entendre <rs
                type="person">la Berma</rs>, en « matinée », dans <title>Phèdre</title>…</p>
          </egXML></p>
        <p>Les balises <gi>name</gi>, <gi>persName</gi>, ou <gi>persName</gi> sont plus spécifique :
            <egXML xmlns="http://www.tei-c.org/ns/Examples" rend="tiny"><p>Le premier dîner que <persName ref="http://fr.wikipedia.org/wiki/Marquis_de_Norpois"
                >M. de Norpois</persName> fit à la maison, une année où je jouais encore aux <placeName>Champs-Élysées</placeName>, est resté dans ma mémoire, parce que l’après-midi de ce même jour fut celui où j’allai enfin entendre <name>la Berma</name>, en « matinée », dans <title>Phèdre</title>…</p></egXML></p>
        <p>Nous allons traiter ce sujet plus tard avec plus de détail.</p>
      </div>
      <div type="slide">
        <head>Expressions temporelles</head>
        <p>Les dates qui figurent dans les textes manifestent beaucoup de variations lexicales, pour ne rien dire des variations des systèmes de calendrier. Pour comparer et contrôler de telles expressions d’une manière efficace, il faut les normaliser. La TEI propose un élément <gi>date</gi> pour identifier ces expressions, et plusieurs attributs pour leur normalisation.</p>
        <egXML xmlns="http://www.tei-c.org/ns/Examples"><date when="1980-02-21">21 février
            1980</date>
          <date when="1990-02-21" xml:lang="en">21 September, 1990</date></egXML>
        <egXML xmlns="http://www.tei-c.org/ns/Examples"><date when="2001-09-11T12:48:00">11
            septembre, neuf heures moins douze, EST</date>
        </egXML>
        <egXML xmlns="http://www.tei-c.org/ns/Examples"> Décret de la Convention <date
            when="1794-10-30">9 Brumaire An III</date></egXML>
      </div>
      <div type="slide">
        <head>Les interventions éditoriales</head>
        <p>En transcrivant une source primaire on pourrait vouloir <list>
            <item>respecter, normaliser, ou corriger l’orthographie originel</item>
            <item>signaler la présence des ajouts, ratures, etc.</item>
            <item>développer ou signaler les abréviations</item>
            <item>indiquer des leçons varies pour une source difficile a lire ou existant en plusieurs versions</item><item>indiquer des changements de main ou d’écriture</item>
          </list></p>
        
        <p>Nous allons traiter plus tard ce sujet avec plus de détails.</p>
      </div>
      <div type="slide">
        <head>Les références croisées et les liens</head>
        <p>Pour relier deux endroits d’un ou plusieurs textes, on utilise l’un des éléments
            <gi>ptr</gi> ou <gi>ref</gi>. <egXML rend="tiny"
            xmlns="http://www.tei-c.org/ns/Examples">Voir <ref target="#pv1894_61"> procès-verbal no
              61</ref>.</egXML>
          <egXML rend="tiny" xmlns="http://www.tei-c.org/ns/Examples">Voir <ptr target="#pv1894_61"
            />.</egXML></p>
        <p>L’attribut <att>target</att> spécifie l’objet ciblé par la référence, que ce soit en fournissant l’identifiant d’un autre élément dans le même document, ou en fournissant une adresse complète sur le Web (un URL) <egXML
            rend="tiny" xmlns="http://www.tei-c.org/ns/Examples">Voir <ptr
              target="http://www.example.org/example.xml#pv1894_61"/></egXML></p>
        <p>Dans ces exemples, on pointe sur la section suivante : <egXML rend="tiny"
            xmlns="http://www.tei-c.org/ns/Examples"><div xml:id="pv1894_61"
            ><!-- … --></div></egXML></p>
        <p>Plusieurs autres attributs de type <soCalled>pointeur</soCalled> sont disponibles, fournissant une gamme de type de liens plus spécialisés. </p>
      </div>

      <div type="slide">
        <head>Les images</head>
        <p>
          <list>
            <item><gi>graphic</gi> précise la location d’une image, illustration, etc. faisant partie du texte)</item>
            <item><gi>figure</gi> précise une partie iconographique plus complexe, rassemblant par
              exemple plusieurs images, un titre, des <gi>figDesc</gi> pour les décrire</item>
            <item>L’attribut <att>facs</att> fournit un lien externe sur une représentation supplémentaire de la source encodée</item>
            <item>L’attribut <att>url</att> par contre (sur <gi>graphic</gi>) fournit un lien sur une image qui est intégrale à cette source </item>
          </list>
        </p>
      </div>
      <div type="slide">
        <head>Par exemple</head>
       <egXML xmlns="http://www.tei-c.org/ns/Examples">
          <pb n="5" facs="page_A3r.png"/>
          <fw>5</fw>
          <div>
            <head>LIVRE I. FABLE SECONDE.</head>
            <figure><graphic url="I2dtl.png"
                /><figDesc>Un renard regarde un arbre dans lequel se trouve un corbeau. Le renard tient un fromage dans la bouche. En arrière plan, un château.</figDesc></figure>
            <head>Le Corbeau &amp; le Renard.</head>
            <l>Maistre Corbeau sur un arbre perché…</l>
          </div></egXML>
        <cb/>
        <p>
          <graphic url="../../tei-fr/Talks/Graphics/corbeau-1.jpg"/>
        </p>
      </div>
      <div type="slide">        <head>Les citations bibliographiques</head>
        <egXML xmlns="http://www.tei-c.org/ns/Examples">
<bibl xml:id="MK_73">Sturm, U. &amp; Drang, F. : <title>Musikalische Katastrophe</title>.
(Berlin, W. de Gruyter, 1973)</bibl>
</egXML>
        <list type="unordered">
          <item>Une référence bibliographique peut être plus ou moins structurée, en se servant d’éléments tels que <gi>author</gi>, <gi>editor</gi>, <gi>title</gi>, <gi>pubPlace</gi>, <gi>publisher</gi>, <gi>series</gi> etc.</item>
          <item>les conventions de présentation des références ne sont pas forcément à
            encoder</item>
        </list>
        <egXML xmlns="http://www.tei-c.org/ns/Examples" rend="teeny">
<bibl xml:id="MK73"><author>Sturm, U.</author>
  <author>Drang, F.</author>
  <title xml:lang="de" level="m">Musikalische Katastrophe </title>
  <pubPlace>Berlin</pubPlace>
  <publisher>W. de Gruyter</publisher>
  <date>1973</date></bibl></egXML>
      </div>
      <div type="slide">
        <head>Et pour terminer, les notes</head>
      <p>
          <graphic url="../../tei-fr/Talks/Graphics/perec.png"/></p>
        <cb/>
        <egXML rend="tiny" xmlns="http://www.tei-c.org/ns/Examples" corresp="#fr-ex-Perec-esp"><div
            n="3">
            <p>J’écris : j’habite ma feuille de papier, je l’investis, je la parcours.</p>
            <p>Je suscite des <hi>blancs</hi>, des <hi>espaces</hi> (sauts dans le sens : discontinuités, passages, transitions). <note
                place="margin">J’écris dans la marge…</note></p>
            <p rend="indent3">Je vais <lb/>à la ligne. Je renvoie à une note en bas de page<note
                place="foot"
                >J’aime beaucoup les renvois en bas de page, même si je n’ai rien de particulier à y préciser.</note></p>
            <p rend="indent2">Je change de feuille.</p>
          </div><pb n="20"/>
        </egXML>
      </div>
      <div type="slide">
        <head>Vous vous sentez un peu accablé ?</head>
        <p>Tout ceci n’est qu’une des manières de se servir de la TEI. </p>
        <list type="unordered">
          <item> TEI est un système <emph>modulaire</emph>. On s’en sert pour créer un système d’encodage selon ses propres besoins, en sélectionnant des <term>modules</term> spécifiés par la TEI</item>
          <item>Chaque module définit un groupe d’éléments (et leurs attributs)</item>
          <item>on peut sélectionner les éléments voulus, et même en modifier des propriétés </item>
          <item>on peut y mélanger des éléments nouveaux, ou bien natifs ou bien d’autres standards</item>
        </list>
        <p rend="box">Il faut définir ses objets <emph>avant</emph> de se servir la TEI !</p>
      </div>
     
      <div>
        <head> TEI modules (1)</head>
        <p>Vous aurez assurément besoin des éléments de ces modules : </p>
        <table rend="rules">
          <row role="label">
            <cell>module</cell>
            <cell>contenant</cell>
            <cell>P5</cell>
            <cell>P3</cell>
          </row>
          <row>
            <cell>core </cell>
            <!--     <cell>features common to almost every kind of document</cell>
       -->     <cell>éléments communs à presque tout type de documents</cell>
            <cell>82</cell>
            <cell>71</cell>
          </row>
          <row>
            <cell>figures</cell>
            <!--     <cell>tables, formulas, figures</cell>
       -->     <cell>tables, formules et figures</cell>
            <cell>7</cell>
            <cell>6</cell>
          </row>
          <row>
            <cell>header </cell>
            <!--    <cell>bibliographic and other metadata </cell>
        -->    <cell>les métadonnées bibliographiques et autres</cell>
            <cell>69</cell>
            <cell>57</cell>
          </row>
          <row>
            <cell> tei </cell>
            <!--    <cell>datatypes, classes, and macros used by every TEI module</cell>
        -->    <cell>module infrastructural définissant les types de données, les classes, et les
              macros utilisées partout</cell>
            <cell>0</cell>
            <cell>0</cell>
          </row>
          <row>
            <cell>textstructure </cell>
            <!--  <cell>basic structural elements</cell>
          -->  <cell>éléments fondamentales de structuration</cell>
            <cell>33</cell>
            <cell>31</cell>
          </row>
        </table>
      </div>
      <div>
        <head>TEI Modules (2)</head>
        <p>Pour les manuscrits vous aurez probablement besoin de ceux ci: </p>
        <table rend="rules">
          <row role="label">
            <cell>module</cell>
            <cell>contents</cell>
            <cell>P5</cell>
            <cell>P3</cell>
          </row>
          <row>
            <cell>gaiji</cell>
            <!--   <cell>handling special (non-Unicode) characters and glyphs </cell>
         -->   <cell>traitement des caractères et glyphes non Unicode</cell>
            <cell>11</cell>
            <cell>15</cell>
          </row>
          <row>
            <cell>msdescription</cell>
            <!--    <cell>manuscript and incunabula cataloguing and description</cell>
       -->     <cell>catalogage et description des manuscrits et des incunables</cell>
            <cell>69</cell>
            <cell>0</cell>
          </row>
          <row>
            <cell>textcrit</cell>
            <!--    <cell>traditional critical apparatus</cell>
       -->     <cell>apparat critique classique</cell>
            <cell>14</cell>
            <cell>12</cell>
          </row>
          <row>
            <cell>transcr</cell>
            <!--      <cell>diplomatic or genetic transcription of primary sources</cell>
      -->      <cell>transcription diplomatique ou génétique des sources primaires</cell>
            <cell>29</cell>
            <cell>10</cell>
          </row>
        </table>
      </div>
      <div>
        <head>TEI Modules (3)</head>
        <p>D'autres types de document sont envisageables... </p>
        <table rend="rules">
          <row role="label">
            <cell>module</cell>
            <cell>contents</cell>
            <cell>P5</cell>
            <cell>P3</cell>
          </row>
          <row>
            <cell>dictionaries</cell>
            <!--     <cell>print dictionaries</cell>
       -->     <cell>dictionnaires imprimés</cell>
            <cell>35</cell>
            <cell>37</cell>
          </row>
          <row>
            <cell>drama</cell>
            <!--      <cell>performance texts</cell>
      -->      <cell>textes du théâtre, du cinéma, etc</cell>
            <cell>17</cell>
            <cell>16</cell>
          </row>
          <row>
            <cell>spoken</cell>
            <!--   <cell>oral transcription</cell>
         -->   <cell>transcription de l'oral</cell>
            <cell>14</cell>
            <cell>7</cell>
          </row>
          <row>
            <cell>tagdocs</cell>
            <!--    <cell>markup documentation (ODD)</cell>
        -->    <cell>documentation des systèmes de balisage  (ODD)</cell>
            <cell>54</cell>
            <cell>31</cell>
          </row>
          <row>
            <cell>verse</cell>
            <!--       <cell>poetic texts</cell>
     -->       <cell>textes poétiques</cell>
            <cell>4</cell>
            <cell>6</cell>
          </row>
        </table>
      </div>
      <div>
        <head>TEI Modules (4)</head>
        <p>Si vous faites des analyses spécialisées vous aurez peut-être besoin de quelques-uns de ceux-ci : </p>
        <table rend="rules">
          <row role="label">
            <cell>module</cell>
            <cell>contents</cell>
            <cell>P5</cell>
            <cell>P3</cell>
          </row>
          <row>
            <cell>analysis</cell>
            <!--  <cell>simple analytic mechanisms</cell>
         -->   <cell>mécanismes simples pour l'analyse et l'interprétation</cell>
            <cell>11</cell>
            <cell>10</cell>
          </row>
          <row>
            <cell>certainty</cell>
            <!--     <cell>uncertainty and relevance</cell>
       -->     <cell>indications de certitude et probabilité</cell>
            <cell>3</cell>
            <cell>2</cell>
          </row>
          <row>
            <cell>corpus</cell>
            <!--      <cell>language corpus metadata</cell>
     -->       <cell>métadonnées pour les corpus</cell>
            <cell>14</cell>
            <cell>26</cell>
          </row>
          <row>
            <cell>iso-fs</cell>
            <!--      <cell>feature structure based analysis</cell>
      -->      <cell>analyses abstraites utilisant des structures de trait
            </cell>
            <cell>28</cell>
            <cell>32</cell>
          </row>
          <row>
            <cell>linking</cell>
            <!--         <cell>links, segments, alignment </cell>
  -->    <cell>liens, segmentation, alignements</cell>
            <cell>11</cell>
            <cell>12</cell>
          </row>
          <row>
            <cell>namesdates</cell>
            <!--         <cell>names, dates, and named entities</cell>
   -->     <cell>noms, dates, entités nommées</cell>    <cell>52</cell>
            <cell>30</cell>
          </row>
          <row>
            <cell>nets</cell>
            <!--         <cell>graphs, networks, and trees</cell>
  -->    <cell>graphes, réseaux génériques, et arborescences</cell>      <cell>12</cell>
            <cell>12</cell>
          </row>
        </table>
      </div>
      
      
      
      <div type="slide">
        <head>En sommaire, la TEI facilite un balisage <soCalled>intelligent</soCalled>
        </head>
        <p>Elle peut s’appliquer à l’encodage des… <list type="bulleted">
            <item>composants structuraux et fonctionnels d’un texte </item>
            <item>transcriptions diplomatiques des sources historiques, des images, des annotations</item>
            <item>liens, correspondances, alignements</item>
            <item>données et entités : par exemple de temps, personnes, lieux ou événements</item>
            <item>annotations péri-textuelles et méta-textuelles (correction, suppression, ajouts)</item>
            <item>analyses linguistiques</item>
            <item>métadonnées de plusieurs types</item>
            <item>… et définitions formelles de schéma XML !</item>
          </list></p>
        <p rend="box"> ... selon les besoins d'un projet !</p>
      </div>
    
   
    </body>
  </text> 
</TEI>
