<?xml version="1.0" encoding="UTF-8"?>
<TEI xmlns="http://www.tei-c.org/ns/1.0" xmlns:rng="http://relaxng.org/ns/structure/1.0">
  <teiHeader>
    <fileDesc>
      <titleStmt>
        <title>La communauté TEI vous accueille! </title> 
      </titleStmt>
      <publicationStmt>
        <publisher>MEET</publisher>
      </publicationStmt>
      <sourceDesc>
        <p>This is the master version of an original document.</p>
      </sourceDesc>
    </fileDesc>
    <revisionDesc>
      <change>
        <date>2017-11</date>
        <name>Lou</name> révisions pour Archives</change>   
      <change>
        <date>2017-10</date>
        <name>Emmanuel Chateau</name>, Révision</change>
      <change>
        <date>2016-05</date>
        <name>Emmanuel Chateau</name>, Création du fichier</change>
      <change>
        <date>2015-05-10</date>
        <name>Emmanuel Chateau</name>, création</change>
    </revisionDesc>
  </teiHeader>
  <text>
    
    <body>
      <div type="slide" xml:lang="fr">
        <head>Qu’est-ce que la Text Encoding Initiative (TEI) ?</head>
        <p><graphic url="../../tei-fr/Talks/Graphics/whatis-fr.jpg" height="60%"/></p>
        <cb/><list>
          <item>Une organisation, une institution ?</item>
          <item>Un <soCalled>club</soCalled>, une mode, une religion ?</item>
          <item>Une spécification technique ?</item>
          <item>Un gabarit pour la construction des spécifications techniques ?</item>
        </list>
        <p rend="box">http://books.openedition.org/oep/1237</p>
      </div>
      <div type="slide" xml:lang="fr">
        <head>Naissance de la Text Encoding Initiative</head>
        <list>
          <item>printemps 1987 : En Europe, des réunions sur la possibilité de standardisation des
            données et sources historiques (J.P. Genet, M. Thaller)</item>
          <item>automne 1987 : Aux États-Unis, la NEH finance une réunion internationale sur la
            possibilité de définir des "text encoding guidelines"</item>
        </list>
        <figure>
          <graphic height="55%" url="../../tei-fr/Talks/Graphics/1987-11-vassar.png"/>
          <head>Vassar College, Poughkeepsie</head>
        </figure>
      </div>
      <div xml:lang="fr">
        <head>Vous souvenez-vous de l’an 1987 ?</head>
        <p>La Text Encoding Initiative est née dans un monde très différent... <list
          rend="pause">
          <item>C'était l'été de <title>Joe le taxi</title>, premier tube de Vanessa
            Paradis...</item>
          <!--https://youtu.be/l5XO5ieikfw-->
          <item rend="pause">le world wide web n’existait pas</item>
          <item rend="pause">le tunnel sous la manche était en construction</item>
          <item rend="pause">un état nommé l’Union Soviétique venait de lancer une station
            spatiale appelée "Mir" .. et de subir un désastre à Tchernobyl</item>
          <item rend="pause">l’informatique sérieuse s’éffectuait uniquement sur les grosses
            machines dites <soCalled>mainframes </soCalled></item>
        </list></p>
      </div>
      <div xml:lang="fr">
        <head>…mais aussi dans un monde un peu familier…</head>
        <list>
          <item>Les disciplines "linguistique de corpus" et "intelligence artificielle" avaient
            établi la nécessité de travailler avec des ressources numérisées et à grande
            échelle </item>
          <item>Des avancées en traitement de texte commençaient à avoir un effet sur la
            lexicographie et les systèmes de gestion documentaire (TeX, Scribe,
            tRoff..)</item>
          <item>L’ Internet existait, et les théories sur comment en profiter d'une manière
            <q>hypertextuelle</q> abondaient </item>
          <item>On confrontait déjà les problèmes de pérennisation des données et
            d'incompatabilités technologiques (ex. les CD).</item>
        </list>
      </div>
      <div type="slide" xml:lang="fr">
        <head>Les enjeux de la TEI</head>
        <p>Reconnaissant les possibilités démotiques du numérique… l’initiative <hi>« Text Encoding
          for Interchange »</hi> s’est donnée comme mission : </p>
        <list>
          <item>de faciliter la <hi>création</hi>, l’<hi>échange</hi>, et l’<hi>intégration</hi> des
            données textuelles informatisées <list>
              <item>pour toute sorte de texte</item>
              <item>dans toutes les langues </item>
              <item>de toute origine temporelle ou culturelle</item>
            </list></item>
          <item>La TEI s’adresse également ...<list>
            <item>aux débutants, cherchant des solutions bien connues et consensuelles</item>
            <item>aux experts, cherchant à créer de nouvelles solutions</item>
          </list></item>
        </list>
      </div>
      <div type="slide" xml:lang="fr">
        <head>2000 : Naissance du TEI Consortium</head>
        <p>Suite à des travaux sérieux de la part de plusieurs utilisateurs de la TEI (notamment à
          Londres, Virginia, Brown, Oxford, Bergen…) le TEI Consortium a été établi comme
          association à but non lucratif en 2000. </p>
        <p>Enjeux du consortium (à part les détails bureaucratiques) : <list>
          <item>de garantir l’entretien du système TEI</item>
          <item>de mettre en place des mises à jour urgentes : <list>
            <item>version XML</item>
            <item>élargissement des sujets traités</item>
          </list></item>
          <item>définir un modèle économique et scientifique qui permette une pérennité aux efforts de la communauté TEI</item>
        </list>
        </p>
        <p rend="box">http://www.ariadne.ac.uk/issue24/tei/</p>
      </div>
      <div type="slide">
      
          <head>L’organisation de la TEI</head>
          <p>Le <ref target="http://www.tei-c.org/index.xml">Consortium TEI</ref> se compose de :</p>
          <list>
            <item><ref target="http://www.tei-c.org/Activities/Council/"
              >Le Technical Council</ref> (conseil scientifique)</item>
            <item><ref target="http://www.tei-c.org/Activities/Workgroups/">Groupes de travail (Workgroup)</ref></item>
            <item><ref target="http://www.tei-c.org/Board/"
              >Le Board</ref> (conseil administratif)</item>
            <item><ref target="http://www.tei-c.org/Activities/SIG/">Les Special Interest Group (SIG)</ref>
            (instances auto-organisants) </item>
            <item>(mais surtout) Sa communauté d’utilisateurs</item>
          </list>
        
      </div>
      <div type="slide" xml:lang="fr">
        <head>TEI organigramme (aujourdhui)</head>
        <figure>
          <graphic height="80%" url="../../tei-fr/Talks/Graphics/tei-community.png"/>
        </figure>
      </div>
      <div type="slide">
   
          <head>Devenir membre</head>
          <p>La Text Encoding Initiative étant une organisation à but non lucratif, vous pouvez 
            <ref target="http://members.tei-c.org/Join">devenir membre</ref> pour ...</p>
          <list>
             <item>manifester son soutien</item>
            <item>participer aux elections au Council et Board, et ainsi aux décisions et aux orientations
              </item>
            <item>bénéficier de services communautaires 
              (par exemple <ref target="http://tapasproject.org">TAPAS</ref>) ou de tarifs négociés pour des logiciels</item>
            <item>participer à la <ref target="http://www.tei-c.org/Membership/Meetings/">conférence annuelle</ref> (TEI annual Conference and Members’Meeting)</item>
          </list>
        
      </div>
      <div type="slide">
    
          <head>Listes de diffusion</head>
          <p>La communauté TEI possède plusieurs listes de diffusion où vous pouvez poser vos questions ou trouver des solutions à vos problèmes.</p>
          <list>
            <label>Liste francophone</label>
            <item><ref target="https://groupes.renater.fr/sympa/info/tei-fr"
                >https://groupes.renater.fr/sympa/info/tei-fr</ref></item>
            <label>Liste internationale</label>
            <item><ref target="https://listserv.brown.edu/archives/cgi-bin/wa?A0=tei-l"
                >https://listserv.brown.edu/archives/cgi-bin/wa?A0=tei-l</ref></item>
          </list>
        
      </div>
      <div type="slide">
     
          <head>Entrepôt GitHub</head>
          <p>Le code source de la TEI est distribué de manière libre et open source par l’intermédiaire d’un entrepôt GitHub auquel vous pouvez contribuer.</p>
          <list>
            <label>Le consortium TEI sur GitHub</label>
            <item><ref target="https://github.com/TEIC"
              >https://github.com/TEIC</ref></item>
            <label>Entrepôt des Guidelines</label>
            <item><ref target="https://github.com/TEIC/TEI"
              >https://github.com/TEIC/TEI</ref></item>
            <label>Gestionnaires d’issues des Guidelines</label>
            <item><ref target="https://github.com/TEIC/TEI/issues">https://github.com/TEIC/TEI/issues</ref></item>
          </list>
        
      </div>
   
    </body>
   
  </text>
</TEI>
