<?xml version="1.0" encoding="UTF-8"?>
<TEI xmlns:tei="http://www.tei-c.org/ns/1.0" xmlns="http://www.tei-c.org/ns/1.0">
  <teiHeader>
    <fileDesc>
      <titleStmt>
        <title>Analyse et modélisation des textes</title>
        <author>Lou Burnard Consulting</author>
      </titleStmt>
      <publicationStmt>
        <publisher>LBC</publisher>
        <availability>
          <p>Freely available for use and derivative works under a Creative Commons Attribution
            license.</p>
        </availability>
        <date>octobre 2012</date>
      </publicationStmt>
      <sourceDesc>
        <p>Some bits may be lifted from previous talks/workshops by the TEI Community.</p>
      </sourceDesc>
    </fileDesc>
    <revisionDesc>
      <change when="2017-10"><name>Lou</name> contrôle des noms de fichiers; reformattage</change>
    </revisionDesc>
  </teiHeader>
  <text>
    <body>
      <!-- ceci n’est pas une pipe -->
     <!-- <div type="slide">
        <head>Magritte nous rappelle</head>
        <figure>
          <graphic url="../../tei-fr/Talks/Graphics/ceci-nest-pas-une-pipe.jpg" width="80%"/>
        </figure>
        <!-\-        <note><p>Qu’à chaque fois que l’on créée une représentation d’un texte ou d’autre chose, une image n’est pas réductible à la réalité.</p></note>
    -\->
      </div>-->
      <div>
        <head>Numériser et encoder…</head>
        <p>La numérisation nous propose une <emph>image</emph>, une représentation d’un objet déjà
          existant</p>
        <p>L’encodage nous permet de représenter l’image des <emph>idées</emph> résultant de ces
          représentations</p>
        <p>Difficile de limiter les idées, mais on peut distinguer plusieurs axes… <list>
            <item>infos <q>intrinsèques</q> à l’objet : les formes, couleurs, etc. d’une image; les
              sons, rythmes, etc. d’une musique ; les structures linguistiques (mot, phrase,
              paragraphe) ou formels (chapitre, titre, nom de lieu) d’un texte…</item>
            <item>infos <q>extrinsèques</q> ou <q>meta</q> sur l’objet : son type, ses origines, ses
              buts, ses usages …</item>
            <item>infos <q>interprétatives</q>: la portée d’un texte ou d’un dessin, le programme
              d’une musique ou d’un rite…</item>
          </list>
        </p>
        <!-- <p rend="display">Ce sont des distinctions floues mais pervasives…</p>
                <note><p>L’essentiel est de faire le choix. Peut distinguer des actes, des informations intrinsèques à un objet, etc. Des informations dite méta, extrinsèques qui ne sont pas nécessairement présentes dans l’objet : ses origines, ses buts, etc. Enfin, des informations interprétatives.</p></note>-->
      </div>
      <div>
        <head>Modéliser et structurer </head>
        <p>Il existe (quelques) méthodes classiques d’analyses de données. L’important c’est de bien comprendre que toute méthode ne serait qu’une modélisation. Cette modélisation devrait faire ressortir la structuration essentielle d’un objet complexe, priorisée selon les besoins prévus pour ce modèle. </p>
        <p>Après une modélisation, on peut donner une implémentation informatisée ; sans modèle, une
          implémentation risque d’être incompréhensible et aléatoire, inutile…</p>
        <!--        <note><p>Ce que l’on va vouloir faire, c’est modéliser. Pourquoi cette étape ? c’est qu’elle va nous permettre de donner une implémentation informatisée. Si vous n’êtes pas conscient de votre modèle, vous risquer d’avoir une implémentation inconsistante ou incompréhensible qui ne sera pas exploitable.</p></note>-->
        <p>L'analyse des données classique nous requiert de identifier … <list>
            <item>les <soCalled>objets d’intérêt</soCalled></item>
            <item>leurs attributs/propriétés</item>
            <item>les relations entre objets</item>
            <item>les procédures/traitements essentiels envisagés </item>
          </list>
        </p>
        <!--        <note><p>Dans l’analyse de données classique, on avait l’idée qu’il serait possible de conceptualiser l’ensemble de 
          l’univers d’une entreprise. On identifie toute de suite les objets d’intérêt, leurs attributs et propriétés, etc.</p>
        <p>On peut également appliquer ce modèle dans notre cas. Vous savez tous ce qu’est qu’une carte postale.</p></note>-->
      </div>
      <!--<div>
        <head>Par exemple…</head>
        <figure>    
          <graphic url="../images/carte-modele.png"/>
        </figure>
        <note><p>On peut également appliquer ce modèle dans notre cas. Vous savez tous ce qu’est qu’une carte postale.</p>
        <p>En jaune, ce sont des entités, des choses pour lesquelles on dispose d’information. Les liens sont des relations entre les objets.</p>
        <p>On a une carte et des noms de personnes. Les noms de personnes peuvent intervenir pour deux raisons : où une carte mentionne la personne, ou bien la personne est soit destinataire soit expéditeur. De même la carte peut être rédigée en un lieu, ou adressée à une adresse. Mais la carte peut encore représenter un lieu…</p></note>
      </div>
-->
      <div>
        <p>Dans cet exercice, on vous propose de faire pareille pour les documents en répondant aux questions suivantes :</p>
        <list>
          <item>quelles sont les unités que vous souhaitez traiter dans votre version numérisée ?</item>
          <item>comment sont-elles structurées (quels composants, quels attributs) ?</item>
          <item>quelles relations éventuelles peut on envisager entre ces composants) ?</item>
          <item>est-ce que les occurrences de ces objets sont clairement identifiables dans un flux
            textuel ?</item>
        </list>
        <p> Les trois documents que vous expérimentez sont disponibles dans votre dossier <ident>Travaux</ident>: <ident>cartePostale.jpg</ident>, <ident>manuscrit.jpg</ident> et <ident>tapuscrit.jpg</ident> </p>
      </div>
     
      <div>
        <head>Démarche de l'exercice</head>
        <list>
          <item>Dans votre groupe, sélectionner d’abord un rapporteur</item>
          <item>Regarder bien votre document. Supposer que vous en avez quelques centaines d’autres
            de même nature.</item>
          <item>Comment est organisé votre document ? </item>
          <item>Quels sont ses composants essentiels, commun à tous ces documents ?</item>
          <item>Quels sont ses composants intéressants, possibles dans tous ces documents ?</item>
          <item>Sauriez-vous faire en sorte qu’une autre personne reconnaîtrait les mêmes
            objets ?</item>
          <item>Faire une liste de tous les objets et propriétés essentiels de votre document</item>
          <item>Supposez que le budget de votre projet soit coupé en deux: de quelles distinctions pourriez-vous vous passer ? </item>
          <item>Présentez cette liste… et justifiez-la !</item>
        </list>
      </div>
      
      <div>
        <head>Document A : une carte postale</head>
        <figure>
          <graphic url="../Travaux/cartePostale.png" width="80%"/>
        </figure>
      </div>
      <div>
        <head>Document B : un manuscrit</head>
        <figure>
          <graphic url="../Travaux/manuscrit.jpg" width="80%"/>
        </figure>
        <p>Nota bene : ce document, daté de 1763, est conservé aux Archives nationales sous la cote O1 284, n° 525. Il s'agit de l'enregistrement, par le gouverneur du château de Marly, d'ordres du roi relatifs au confort des courtisans. Son édition en TEI, accompagnée d'un commentaire diplomatique et historique, est publiée dans les dossiers documentaires de l'application Theleme (Techniques pour l'Historien en Ligne : Études, Manuels, Exercices, Bibliographies) de l'Ecole nationale des chartes. Vous pouvez la consulter à la page <ref target="http://theleme.enc.sorbonne.fr/dossiers/notice105.php">http://theleme.enc.sorbonne.fr/dossiers/notice105.php</ref>.</p>
      </div>
      <div>
        <head>Document C : un tapuscrit</head>
        <figure>
          <graphic url="../Travaux/tapuscrit.jpg" width="80%"/>
        </figure>
      </div>
      <!--      <note><p>L’une des leçons de cet exercice, c’est que l’on ne peut pas encoder mécaniquement un texte. Il est toujours intéressant de voir comment une personne envisage un document et se l’approprie.</p></note>
-->
    </body>
  </text>
</TEI>
