<?xml version="1.0" encoding="UTF-8"?>
<TEI xmlns:tei="http://www.tei-c.org/ns/1.0" xmlns="http://www.tei-c.org/ns/1.0">
  <teiHeader>
    <fileDesc>
      <titleStmt>
        <title>À la découverte d’oXygen</title>
        <author>Lou Burnard Consulting</author>
      </titleStmt>
      <publicationStmt>
        <publisher>TEI</publisher>
        <availability>
          <p>Freely available for use and derivative works under a Creative Commons Attribution
            license.</p>
        </availability>
      </publicationStmt>
      <sourceDesc>
        <p>Some bits may be lifted from previous talks/workshops by the TEI Community.</p>
      </sourceDesc>
    </fileDesc>
    <revisionDesc>
      <change when="2017-10"><name>Lou</name> contrôle des noms de fichiers</change>
      <change when="2016-05"><name>Emmanuel Château</name> corrections rédactionnelles et ajouts
        divers</change>
    </revisionDesc>
  </teiHeader>
  <text>
    <body>
      <div>
        <head>Introduction</head>
        <p>Dans ce premier exercice, nous allons nous servir d’oXygen pour : <list>
            <item>la création d’un nouveau document XML</item>
            <item>le balisage progressif d’un document</item>
            <item>la validation continuelle d’un document</item>
            <item>l’affichage du document sans balise</item>
          </list>
        </p>
        <p>Pour réaliser cet exercice, vous devez préalablement avoir installé l’éditeur XML <ref
            target="https://www.oxygenxml.com/xml_editor/download_oxygenxml_editor.html"
            >oXygen</ref> sur votre ordinateur personnel.</p>
        <p>Nota : L’indication des raccourcis claviers est valable pour les systèmes d’exploitation
          Linux et Windows, pour Mac OS, remplacez la touche <code>CTRL</code> par la touche
            <code>CMD</code>.</p>
      </div>
      <div>
        <head>Création d’un document nativement-numérique</head>
        <p>La TEI n’est pas seulement destinée à l’encodage des documents anciens, déjà existants
          inscrits sur papier ou dans la pierre. Elle peut aussi servir à la création de nouveaux
          documents créés <foreign xml:lang="lat">ex nihilo</foreign>.</p>
        <p>Avec ce premier exercice nous vous proposons d’apprendre à créer un premier document TEI
          avec l’éditeur XML oXygen.</p>
        <list>
          <item>Démarrez oXygen.</item>
          <item>Cliquez sur l’icône <ident>Nouveau</ident> en haut à gauche de la barre de menu (ou
            sélectionnez <ident>Nouveau</ident> dans le menu Fichier, ou bien tapez
              <code>CTRL+n</code>) pour ouvrir la boîte de dialogue de création d’un nouveau
            document</item>
          <item>Dans la boîte de dialogue, allez dans <ident>Modèles du Framework</ident>, puis
              <ident>TEI P5</ident>, puis choisissez <ident>Bare</ident>, pour sélectionner un
            schéma TEI minimal.</item>
        </list>
        <p>
          <graphic height="5cm" url="../../tei-fr/Talks/Graphics/new-bare-1.png"/>
        </p>
        <list>
          <item> Cliquez sur le bouton <ident>Créer</ident> en bas de la fenêtre de dialogue.</item>
        </list>
        <p>La fenêtre d’oXygen affiche maintenant un document TEI que vous allez pouvoir compléter.
          Le schéma TEI bare que nous avons utilisé contient un minimum de balises, mais il permet
          quand-même de décrire un document TEI complet.</p>
        <p>Vous vous trouvez maintenant dans l’espace de travail typique d’oXygen. Par défaut, il y
          a plusieurs petites fenêtres, autour d’une grande zone blanche où nous allons pouvoir
          éditer notre document. À gauche, par exemple, vous pouvez voir dans la fenêtre
            <ident>Sommaire</ident> un aperçu de la structure du document.</p>
        <p>Notez qu’un document TEI est composé de deux parties. En haut, vous avez les métadonnées,
          entourées par la balise <gi>teiHeader</gi>. En bas se trouve le texte, entouré par la
          balise <gi>text</gi>.</p>
        <p>
          <graphic height="5cm" url="../../tei-fr/Talks/Graphics/nouveau-bare-2.png"/>
        </p>
        <p>En bas de l’écran, vous voyez qu’il est possible de modifier l’affichage du document en
          cliquant sur les boutons <term>Texte</term>, <term>Grille</term>, ou <term>Auteur</term>.
          Nous, on n’a pas peur des balises, donc on va commencer à l’éditer en mode
            <term>Texte</term> ! </p>
        <p>On va d’abord devoir renseigner les métadonnées essentielles à tout nouveau document :
          son titre, sa diffusion, et ses origines. oXygen vous propose du texte par défaut qu’il
          faut changer puis compléter… <list>
            <item>Remplacez le mot <q>Title</q> (texte contenu entre les balises <gi>title</gi> et
                <tag>/title</tag>) par le titre que vous souhaitez donner à votre document. À vous
              de choisir ! Quelque chose comme <soCalled>À la découverte d’oXygen</soCalled>
              pourrait suffire. </item>
            <item>Remplacez les deux autres morceaux de texte proposés par des mentions plus
              appropriées. Par exemple, pour publication, on pourrait mettre <q>Brouillon inédit</q>
              ou <q>Distribué sur mon blog</q> ; pour <gi>sourceDesc</gi>, on vous propose <q>Œuvre
                originale, guidée par une formation TEI</q>.</item>
          </list></p>
        <p>oXygen vous aide à maintenir votre document dans un état valide. Qu’arrive-t-il si vous
          endommagez votre document ? <list>
            <item>Effacez quelques lettres à l’intérieur de n’importe quelle balise : par exemple
              changez <gi>publicationStmt</gi> en <gi>publicat</gi>. </item>
            <item>oXygen fait de son mieux : D’abord, il change la balise fermante correspondante
              (qui devient instantanément <code>&lt;/publicat&gt;</code>) : le document reste donc
              bien formé. Mais il n’est plus valide par rapport au schema TEI bare (qui ne contient
              aucun balise <soCalled>publicat</soCalled>). Par conséquent, les balises fautives sont
              soulignées en rouge ; il y a un message d’erreur en bas de l’écran ; et à droite il y
              a quelques taches rouges.</item>
            <item>Cliquez sur les taches rouges pour essayer de comprendre la manière dont une
              erreur peut en entraîner une autre.</item>
            <item>Cliquez sur <code>CTRL+z</code> (ou sélectionnez <ident>Undo</ident> du menu
                <ident>Edit</ident>) pour revenir dans un état de grâce… vous vous apercevrez que le
              petit carré rouge en haut à droite reprend une jolie couleur verte après correction de
              toutes les erreurs.</item>
          </list></p>
        <p>En effet, selon le contexte, oXygen vous permet d’ajouter seulement des balises prévues
          par le schéma actuellement sélectionné pour le document (ici TEI bare). <list>
            <item>Placez le curseur après la balise fermante <code>&lt;/title&gt;</code> et avant la
              balise fermante <code>&lt;/titleSmt&gt;</code>;</item>
            <item>tapez <code>&lt;</code> et arrêtez-vous un instant ;</item>
            <item>le carré vert repasse au rouge, parce que vous n’avez pas encore entré le nom de
              l’élément souhaité.</item>
            <item>dans un menu contextuel, oXygen vous propose une liste de balises disponibles à
              cet emplacement dans le document : notamment vous avez le droit d’insérer ici un
              élément <gi>author</gi> ou encore un élement <gi>title</gi>, ou bien de fermer
              l’élément <gi>titleStmt</gi>, d’insérer un commentaire XML, etc. </item>
            <item>Tapez sur la touche ENTRÉE pour accepter la première proposition. oXygen insère
              alors dans votre document les balises ouvrantes et fermantes <gi>author</gi> et
                <code>&lt;/author&gt;</code>.</item>
            <item>Le curseur reste à l’intérieur de la balise ouvrante, au cas où vous désireriez
              spécifier ses attributs. Faites bouger le curseur d’un caractère vers la droite et
              tapez votre nom, comme auteur du fichier.</item>
          </list></p>
      </div>
      <div>
        <head>Ajout de texte au document</head>
        <p>Enfin, nous sommes prêts à commencez la création de notre document... À vous de décider
          de son contenu et de son balisage. </p>
        <p>D’abord, quels composants proposeriez-vous pour votre document ? Un document contenant un
          seul paragraphe n’est guère probable ! Avec le schéma <term>bare</term> vous avez le droit
          de signaler : <list>
            <item>des titres… à baliser avec la balise <gi>head</gi></item>
            <item>des chapitres… à baliser avec la balise <gi>div</gi></item>
            <item>des listes… à baliser avec la balise <gi>list</gi></item>
            <item>des paragraphes… à baliser avec la balise <gi>p</gi></item>
          </list>Allons-y !</p>
        <p>Dans le reste de ce petit tutoriel, nous allons vous montrer quelques manipulations
          utiles offertes par ce logiciel. </p>
        <p>D’abord, une question importante : Pour le contenu, OK, il faut le créer — mais est-ce
          qu’il faut toujours taper soi-même les balises ? Non : oXygen est là pour vous aider. Vous
          avez déjà vu comment il peut vous proposer la liste des balises disponibles à un certain
          emplacement du document. Il peut aussi vous suggérer comment baliser un morceau de texte
          sélectionné.</p>
        <list>
          <item>Avec la souris, sélectionnez le contenu du <gi>body</gi>, i.e. la séquence
              <code>&lt;p>Some text here&lt;/p></code>, y compris les balises. </item>
          <item>Tapez <code>CTRL+e</code> (ou sélectionnez <ident>XML Refactoring</ident> et ensuite
              <ident>Entourer des balises</ident> dans le menu <ident>Document</ident>).</item>
          <item>oXygen vous propose toutes les balises qui pourraient éventuellement être insérées à
            cet endroit précis du document : dans ce cas, il est conseillé de sélectionner
              <gi>div</gi>. Puis, cliquez sur <ident>Accepter</ident></item>
          <item>L’élément <gi>div</gi> va contenir le premier chapitre de votre document. Insérez
            donc un titre au début de ce <gi>div</gi>, en vous servant de la balise <gi>head</gi>
          </item>
          <item>Il serait aussi utile de numéroter vos chapitres d’une manière explicite : pour
            cela, on vous propose l’attribut <att>n</att> qui est disponible sur n’importe quel
            élément TEI, y compris <gi>div</gi>. </item>
          <item>Mettez le curseur <emph>à l’intérieur</emph> de la balise <gi>div</gi> juste avant
            le &gt; et tapez un seul espace. oXygen vous propose un menu des attributs disponibles. </item>
          <item>Tapez sur ENTRÉE pour sélectionnez <att>n</att>. oXygen vous informe qu’il faut dans
            ce cas ajouter une valeur, et le curseur reste entre les guillemets.</item>
          <item>Tapez (par exemple) <code>1</code>, et votre document redeviendra valide. </item>
        </list>
        <p>Votre document devrait maintenant ressembler à ceci :</p>
        <p>
          <graphic height="4cm" url="../../tei-fr/Talks/Graphics/body-shot.png"/>
        </p>
        <p>À vous d’ajouter maintenant du texte à ce paragraphe : un peu plus intéressant que
            <q>some text here</q> de préférence ! Décrivez-nous vos premières réactions avec
          oXygen ; partagez vos idées sur la situation politique actuelle ; écrivez ce que vous
          voulez.</p>
        <p>Sans doute aurez-vous besoin de plus d’un seul paragraphe. Comment faire pour terminer
          celui-ci et commencer un nouveau ? Bien-sûr, on peut simplement taper les balises
            <code>&lt;/p>&lt;p&gt;</code> mais il y a une plus simple manière de faire. </p>
        <p>Supposons que vous avez maintenant quelques centaines de mots dans votre seul paragraphe,
          et que vous voulez le diviser en plusieurs.</p>
        <list>
          <item>Mettez le curseur au point de chaque division souhaitée </item>
          <item>Tapez ALT + MAJ + D ou sélectionnez <ident>XML Refactoring</ident> et ensuite
              <ident>Élément de division</ident> dans le menu <ident>Document</ident>.</item>
        </list>
        <p>Vous pouvez faire pareil pour diviser le chapitre unique, mais attention à choisir un
          endroit valide pour effectuer la division : <emph>entre</emph> deux éléments <gi>p</gi>,
          et non pas dans l’enceinte d’un <gi>p</gi>. </p>
        <p>Dans un de vos chapitres, n’omettez pas d’ajouter une liste, balisée avec un élément
            <gi>list</gi>, contenant une séquence de <gi>item</gi> éléments, précédée d’un
            <gi>head</gi> facultatif.</p>
        <p>Afin d’afficher le texte de manière plus commode, vous pouvez aussi sélectionner dans le
          menu <ident>Document</ident>, puis <ident>Éditer</ident>, et choisir
            <ident>Activer/désactiver les sauts de ligne</ident> (ou bien taper CTRL+MAJ+P).</p>
      </div>
      <div>
        <head>L’affichage du texte balisé</head>
        <p>Est-ce que la quantité de balises dans votre document commence à vous inquiéter un peu ? </p>
        <p>On peut mettre en ordre le balisage que l’on a fait, en cliquant sur le bouton
          d’indentation, ou en tapant <code>CTRL+MAJ+p</code>, ou en sélectionnant Source ->
          Indenter le document sur le menu Document. Mais peut être préféreriez-vous voir
          disparaître les balises ?</p>
        <list>
          <item>Au fond de la fenêtre vous voyez trois onglets : <ident>Texte</ident>,
              <ident>Grille</ident>, et <ident>Auteur</ident>. Sélectionnez le dernier. L’affichage
            de votre document change, et un nouveau menu <ident>TEI P5</ident> devient disponible.
            Sur ce menu, sélectionnez <ident>Mode d’affichage</ident> des balises et regardez les
            possibilités offertes par ces options. </item>
          <item>L’option <ident>Toutes les balises</ident> affiche les balises en icônes ; l’option
              <ident>Aucune balise</ident> les fait disparaître totalement.</item>
          <item>Notez en plus que votre document est maintenant stylé ; il y a des changements de
            police ; les retours de ligne sont traités comme des blancs ; etc. </item>
          <item>Dans le mode auteur, on peut diviser un élément simplement en tapant ENTRÉE deux
            fois. Vous pouvez essayez.</item>
        </list>
        <p>Plus tard, nous verrons comment vous pourrez contrôler l’affichage de votre document avec
          une <term>feuille de style</term>.</p>
      </div>
      <div>
        <head>Importation d’un document bureautique</head>
        <p>La plupart des documents numériques que vous rencontrerez dans le monde actuel paraissent
          indemnes de tout balisage XML. Par exemple, les documents préparés à l’aide des outils
          bureautiques tels Microsoft Word ou Open Office se présentent en apparence comme du texte
          brut. En réalité, ce n’est qu’une apparence : derrière tout cela il existe un format XML,
          que l’on peut manipuler, et donc qu’on peut transformer dans un format XML TEI. </p>
        <p>Dans le dossier <ident>Travaux</ident> vous trouverez un fichier nommé
            <ident>acteRoyal.docx</ident> et un autre <ident>acteRoyale.jpg</ident> : cliquez dessus
          pour les ouvrir. Il s’agit d’un document numérisé en mode image qui a ensuite été
          rapidement retranscrit avec Microsoft Word. On va se servir d’oXygen pour transformer
          cette transcription en XML TEI.</p>
        <p>Un fichier Microsoft Word au format docx est une archive compressée qui contient
          plusieurs autres fichiers, y compris des fichiers XML qu’on peut gérer et transformer avec
          oXygen comme n’importe quel autre fichier XML. La conversion prend en compte les styles du
          document existant dans le fichier, et donc peut être personnalisée.</p>
        <list>
          <item>Chargez oXygen. Sélectionnez <ident>Ouvrir</ident> dans le menu
              <ident>Fichier</ident> (ou tapez <code>CTRL-o</code>, ou cliquez l’icône dossier) et
            sélectionnez le fichier <ident>acteRoyale.docx</ident> dans votre dossier
              <ident>Travaux</ident>.</item>
          <item>Une fenêtre intitulée <ident>Navigateur d’Archives</ident> s’ouvre à gauche de
            l’écran principal. La structure de l’archive docx y est affichée.</item>
        </list>
        <p><graphic url="../../tei-fr/Talks/Graphics/navigateur-1.png" height="5cm"/></p>
        <list>
          <item>Cliquez sur la petite clef bleue à côté du dossier <ident>word</ident> pour voir ce
            qu’il contient</item>
        </list>
        <p><graphic url="../../tei-fr/Talks/Graphics/navigateur-2.png" height="5cm"/></p>
        <list>
          <item>Sélectionnez le fichier <ident>document.xml</ident> et double-cliquez pour l’ouvrir
            (cela peut prendre un peu de temps si le fichier est volumineux) </item>
          <item>Voilà : c’est un document XML, plein de balises, pour la plupart appartenant à un
            espace de nom défini par Microsoft. Convertissons-le !</item>
          <item>Avec ce fichier <ident>document.xml</ident> ouvert dans l’écran principal,
            sélectionnez <ident>Transformation -> Configurer les Scénario(s) de
              Transformation</ident> du menu <ident>Document</ident>. Ou tapez
              <code>CTRL-MAJ-c</code>. Ou cliquez sur la petite icône en forme de clef à molette
            (celui-ci : <graphic url="../../tei-fr/Talks/Graphics/spanner.png" height="7mm"/>) </item>
          <item>oXygen vous présente les options de transformation disponibles pour ce document,
            parmi lesquelles devrait figurer une transformation nommée DOCX TEI P5. </item>
        </list>
        <p><graphic url="../../tei-fr/Talks/Graphics/configurer-1.png" height="7cm"/></p>
        <list>
          <item>Sélectionnez la case à cocher correspondante et cliquez sur le bouton
              <ident>Appliquer associés</ident> au dessous. Une nouvelle fenêtre s’ouvre en bas pour
            l’affichage des messages concernant le processus de transformation : vous pouvez les
            ignorer sans problème.</item>
          <item>Dans l’écran principal, un document TEI-conforme s’affiche. Sélectionnez
              <ident>Source -> Format and Indent</ident> du menu <ident>Document</ident> menu, ou
            tapez <code>CTRL-MAJ-p</code> ou cliquez sur le bouton <ident>Indent</ident> (celui-ci :
              <graphic url="../../tei-fr/Talks/Graphics/indent.png" height="7mm"/>) pour regarder sa structure </item>
          <item>L’attribut <att>rend</att> indique le nom du style Word utilisé dans cette portion
            du document original. Une transformation XSLT plus complexe pourrait donc s’en servir
            pour effectuer une conversion plus intelligente.</item>
        </list>
      </div>
      <div>
        <head>Encodage des aspects les plus significatifs du document</head>
        <p>La question qui s’impose : quelles balises devraient être disponible pour une
          représentation efficace des aspects les plus signifiants du document (questions, et
          réponses, paraphes, signature, date, abréviations, biffures etc.) ?</p>
        <p>En vous aidant d’oXygen pour identifier les balises disponibles aux différents endroits,
          remaniez l’encodage du document pour améliorer l'encodage de ce document.</p>
        <p>Remarques : <list type="bulleted">
            <item>Renseignez les métadonnées nécessaires dans l’en-tête du document
                <gi>teiHeader</gi>; par ex ajouter un titre dans le
              <gi>title</gi>; ajouter un <gi>change</gi> portant votre nom pour indiquer la date de
              vos interventions </item>
            <item>Votre document est valide mais il n'est pas tres honnet. Les trois premiers
              <gi>p</gi> par exemple ne sont pas des paragraphes mais des titres, à baliser donc avec
              <gi>head</gi>. </item>
            
            <item>Vous pouvez utiliser le raccourci <code>CTRL-f</code> pour effectuer un
              remplacement systématique, par ex pour transformer les <code>rend="Quotations"</code>
              en <code>resp="noailles"</code></item>
          <item>Vous pouvez utiliser le raccourci <code>CTRL-e</code> pour entourer du texte ou un
            élément par un autre élément. Par ex le mot <q>oui</q> devrait etre balisé avec 
            <gi>del</gi>, en quel cas vous pouvez supprimer la mention <code>[biffé]</code>. </item>
          </list></p>
     </div><div><head>Il vous reste un peu de temps ?</head> 
     <p>Assurément vous disposez d'autres documents Word. Essayez de les convertir en TEI de la même
     manière !</p></div>
    </body>
  </text>
</TEI>
